version,tstamp,name,mean,stddev,median,user,system,min,max,recs_per_sec,delta (%),rank
24.0.0,2026-10-06-11,apply_calcconv,1.9367991803333335,0.01771450974874258,1.943097333,5.076128333333333,0.14720366666666665,1.916796208,1.950504,516262,0.39,53
24.0.0,2026-10-06-11,apply_dynfmt,2.389999889,0.04016527703416203,2.368964583,10.279751,0.13226533333333332,2.364721084,2.436314,418410,8.41,59
24.0.0,2026-10-06-11,apply_emptyreplace,1.604334111,0.011061524026923817,1.598849875,2.1279163333333333,0.13868366666666665,1.59708625,1.617066208,623441,7.32,50
24.0.0,2026-10-06-11,apply_op_eudex,1.5798769586666666,0.006534024229004835,1.583640084,1.742703333333333,0.179701,1.572332125,1.583658667,632911,0.29,53
24.0.0,2026-10-06-11,apply_op_sentiment,3.1471212220000004,0.007024087357459709,3.145610375,17.856736666666666,0.13008466666666665,3.1409755,3.154777791,317763,-1.24,3
24.0.0,2026-10-06-11,apply_op_similarity,1.590307264,0.00355618882326678,1.590137417,1.836995,0.16891766666666666,1.586839042,1.5939453330000002,628931,-0.4,53
24.0.0,2026-10-06-11,apply_op_similarity_batchall,1.5887203330000002,0.0023568355687529938,1.5898005830000002,1.8376443333333334,0.171551,1.586017,1.590343416,629327,0.16,31
24.0.0,2026-10-06-11,apply_op_string,1.5860310553333334,0.013186359525236465,1.578438625,2.0646003333333334,0.11705566666666667,1.5783972080000002,1.601257333,630517,1.61,49
24.0.0,2026-10-06-11,behead,0.9058976526666668,0.00038216796607818353,0.9058988750000001,0.8578036666666665,0.046559666666666666,0.905514875,0.9062792080000001,1103753,-0.26,40
24.0.0,2026-10-06-11,behead_flexible,0.9040810133333333,0.0012966852573181875,0.9043565410000001,0.8572066666666668,0.04544033333333333,0.9026687080000001,0.9052177910000001,1106195,-0.58,38
24.0.0,2026-10-06-11,blake3,0.05053575033333333,0.00027953528439596465,0.050606542000000004,0.37262666666666666,0.05940733333333333,0.050227625000000005,0.050773084,19607843,-2.21,3
24.0.0,2026-10-06-11,blake3_j1,0.320319847,0.0011754611503478,0.319769666,0.299123,0.01984,0.319520375,0.3216695,3125000,4.59,2
24.0.0,2026-10-06-11,blake3_no_mmap,0.32454230600000006,0.00029011144145485234,0.324548459,0.2782706666666666,0.04613766666666667,0.324249167,0.32482929200000005,3076923,-1.73,3
24.0.0,2026-10-06-11,cat_columns,2.5700844996666667,0.006326739910273942,2.572303541,2.477757,0.09090366666666666,2.562947166,2.5750027920000003,389105,0.55,26
24.0.0,2026-10-06-11,cat_rows,1.795315875,0.010348825307819403,1.800394333,1.7043039999999998,0.08933733333333332,1.7834088750000001,1.802144417,557103,-0.45,37
24.0.0,2026-10-06-11,cat_rows_flexible,1.7974008613333332,0.0024263679086848865,1.798079542,1.7064296666666667,0.08975899999999999,1.7947074170000001,1.799415625,556483,-0.38,34
24.0.0,2026-10-06-11,cat_rowskey,2.4994264446666667,0.0026559120148117203,2.49862025,2.406493333333333,0.09154233333333332,2.497267042,2.502392042,400160,-0.86,4
24.0.0,2026-10-06-11,count,0.15978665233333336,0.0007297162620130768,0.15995466600000002,1.017184,0.07213666666666667,0.15898758300000002,0.16041770800000002,6250000,83.29,32
24.0.0,2026-10-06-11,count_flexible,0.4669189443333333,0.0005474422096635669,0.46676233300000003,0.4228746666666667,0.042562333333333334,0.466466875,0.467527625,2141328,0.06,25
24.0.0,2026-10-06-11,count_index,0.011098347333333333,0.0003693750841953653,0.010889625,0.007247666666666666,0.0029529999999999995,0.010880584,0.011524833,90909091,-7.75,55
24.0.0,2026-10-06-11,count_no_polars,0.4675894583333334,0.0002970804356808615,0.467707959,0.42336766666666664,0.04275366666666667,0.46725141600000003,0.46780900000000003,2136752,-0.14,28
24.0.0,2026-10-06-11,count_polars_lowmem,0.16000804133333335,0.0005534944466499539,0.15989145800000001,1.0167486666666665,0.07229666666666666,0.15952212500000001,0.16061054100000002,6250000,83.05,32
24.0.0,2026-10-06-11,count_width,0.010587541666666667,0.00005994491325653306,0.010586417,0.006955333333333333,0.003103333333333333,0.010528167000000001,0.010648041,90909091,-5.26,5
24.0.0,2026-10-06-11,count_width_index,0.010764749999999998,0.00006590132301403344,0.010770875000000001,0.007016333333333333,0.003042,0.010696,0.010827375,90909091,-3.48,2
24.0.0,2026-10-06-11,datefmt,1.663937791333333,0.004020839706264352,1.662992416,2.924236333333333,0.13716833333333334,1.660473875,1.668347083,600962,0.62,5
24.0.0,2026-10-06-11,datefmt_formatstr_newcol,1.6029360419999998,0.0034007633196522415,1.6040662079999999,2.0445266666666666,0.17419533333333334,1.599114084,1.605627834,623830,1.06,11
24.0.0,2026-10-06-11,datefmt_multi,1.7158511250000001,0.0032238386574298277,1.7140645,3.575891,0.12514099999999997,1.713916167,1.719572708,582751,2.21,1
24.0.0,2026-10-06-11,datefmt_multi_batchall,1.7192624443333333,0.0024090859938682816,1.720123208,3.5835163333333333,0.12586166666666665,1.716541209,1.7211229160000001,581734,2.3,1
24.0.0,2026-10-06-11,datefmt_multi_select,1.7677627086666667,0.008991119427355688,1.763908167,4.0602203333333335,0.12010133333333334,1.7613415,1.778038459,565611,3.15,1
24.0.0,2026-10-06-11,dedup,1.3852698746666665,0.0071085614362336605,1.384396958,2.1957986666666667,0.18120099999999997,1.378638083,1.392774583,722022,-1.22,38
24.0.0,2026-10-06-11,dedup_sorted,1.0877180690000001,0.0009188891824305747,1.088137291,0.9828273333333333,0.15707233333333334,1.086664333,1.088352583,919118,-1.99,51
24.0.0,2026-10-06-11,diff,0.9341926946666668,0.0018942117771185043,0.933925459,2.4466653333333332,0.20332799999999998,0.9324462920000001,0.9362063330000001,1070664,-0.58,10
24.0.0,2026-10-06-11,enum,0.9249548886666666,0.0018448384934178926,0.9242442080000001,0.8770666666666666,0.04631766666666667,0.923571083,0.9270493750000001,1081081,-0.96,37
24.0.0,2026-10-06-11,enum_constant,0.9201111110000001,0.0016454131322716917,0.9198276670000001,0.8719289999999998,0.046658,0.918625833,0.9218798330000001,1086957,-1.05,34
24.0.0,2026-10-06-11,enum_copy,0.9241014719999999,0.0008869423811483017,0.9242127910000001,0.8769796666666666,0.04566499999999999,0.923164125,0.9249275,1082251,-0.67,30
24.0.0,2026-10-06-11,enum_hash,1.4812509026666667,0.003786534383697162,1.4805125000000001,1.4320296666666668,0.04770599999999999,1.4778879580000002,1.48535225,675219,1.17,26
24.0.0,2026-10-06-11,enum_uuid,1.871984986,0.003670429612283416,1.870026083,0.948891,0.9215823333333333,1.8697095830000001,1.876219292,534188,-0.94,43
24.0.0,2026-10-06-11,enum_uuid7,1.908683375,0.001194178743484009,1.908537292,0.984317,0.9228813333333333,1.9075689580000001,1.9099438750000002,523834,-1.08,34
24.0.0,2026-10-06-11,excel,8.137357916666666,0.028476613669500418,8.129529708,8.344953666666667,1.6657799999999998,8.113614167,8.168929875,122895,2.55,1
24.0.0,2026-10-06-11,excel_error_format_formula,13.000087778,0.020949117630370256,13.001407958,13.164820999999998,1.6768776666666667,12.978509792,13.020345584,76923,3.38,1
24.0.0,2026-10-06-11,excel_j1,8.674606541333334,0.023458810861081047,8.669364375,8.093809666666665,0.5750193333333333,8.654212291,8.700242958,115274,3.08,1
24.0.0,2026-10-06-11,excel_metadata,8.095592305666667,0.028916721804106,8.08167225,7.660142666666666,0.42861733333333335,8.076268292,8.128836375,123518,3.08,1
24.0.0,2026-10-06-11,excel_metadata_short,1.5835124306666668,0.07580819348078109,1.542956417,1.5270556666666666,0.053760333333333334,1.5366094170000002,1.670971458,631313,0.06,32
24.0.0,2026-10-06-11,excel_trim,8.156665416666668,0.014005484422832924,8.163765667,9.589190333333333,1.0383666666666667,8.140531833,8.16569875,122594,4.08,1
24.0.0,2026-10-06-11,excel_trim_j1,9.895551958333334,0.18701455491382202,9.845405708,9.291529,0.5968826666666667,9.73872275,10.102527417,101051,1.95,1
24.0.0,2026-10-06-11,exclude,0.5417660276666667,0.0010821341530445432,0.541771167,0.49991199999999997,0.040454,0.540681333,0.5428455830000001,1845018,-0.54,2
24.0.0,2026-10-06-11,exclude_casei,0.5586695413333334,0.0024706845894661017,0.557773166,0.5154743333333333,0.041793,0.556772166,0.561463292,1788909,-0.73,3
24.0.0,2026-10-06-11,exclude_casei_index,0.5626672636666666,0.0032240482593776853,0.56341025,0.5224883333333333,0.03848766666666666,0.559136583,0.565454958,1776199,1.28,2
24.0.0,2026-10-06-11,exclude_index,0.5504249720000001,0.0009552605607848434,0.550741667,0.510765,0.038184666666666665,0.5493515830000001,0.5511816660000001,1818182,0.54,3
24.0.0,2026-10-06-11,exclude_multi,0.8723013333333333,0.00963438773486672,0.874714792,0.828656,0.042221666666666664,0.861689667,0.880499541,1146789,-3.34,11
24.0.0,2026-10-06-11,exclude_multi_casei,0.9513556666666667,0.001953358650056448,0.9508867910000001,0.9068109999999999,0.04335633333333333,0.949679417,0.953500792,1051525,0.89,25
24.0.0,2026-10-06-11,exclude_multi_casei_index,0.9738869026666667,0.0008044581126735983,0.973953708,0.9316013333333334,0.04061466666666667,0.973051125,0.9746558750000001,1026694,-1.19,25
24.0.0,2026-10-06-11,exclude_multi_index,0.8813689446666668,0.0021417331061981885,0.88182475,0.8381676666666666,0.04148633333333333,0.879036,0.883246084,1135074,-0.81,3
24.0.0,2026-10-06-11,explode,1.7438522643333332,0.03385984631380228,1.748716584,1.6823219999999999,0.05672333333333333,1.707823334,1.775016875,573394,-1.97,53
24.0.0,2026-10-06-11,extdedup,0.522505958,0.08628641375792091,0.550777458,0.33709033333333327,0.07594133333333333,0.425630333,0.591110083,1912046,-22.75,7
24.0.0,2026-10-06-11,extdedup_csv,1.1396737363333334,0.01493879554465727,1.132882334,1.0750253333333333,0.062328333333333326,1.129337167,1.156801708,877193,-1.53,6
24.0.0,2026-10-06-11,extsort,1.1901219863333334,0.16621923490939472,1.098458417,1.3362023333333333,0.380355,1.0899155,1.381992042,840336,43.17,55
24.0.0,2026-10-06-11,extsort_csv,11.592983763666666,0.026280554588030997,11.579546541,2.7180389999999996,9.444014000000001,11.576138667,11.623266083,86259,-3.75,15
24.0.0,2026-10-06-11,fill,1.2552202916666666,0.0010592494152569798,1.254720958,1.2080316666666666,0.045656999999999996,1.2545030000000001,1.256436917,796813,2.27,1
24.0.0,2026-10-06-11,fixlengths,1.3815683893333333,0.002683463271790102,1.382454584,1.3004413333333333,0.079622,1.378553917,1.3836966670000002,723589,0.63,30
24.0.0,2026-10-06-11,flatten,6.388838375,0.009445846523571977,6.388570625,6.323871,0.06341066666666667,6.37952925,6.39841525,156519,12.33,43
24.0.0,2026-10-06-11,flatten_condensed,6.819400069333334,0.003566086379779137,6.819583083,6.748960999999999,0.06893866666666666,6.815746,6.822871125,146649,9.4,43
24.0.0,2026-10-06-11,fmt,0.985711361,0.0014943822384058491,0.9848785000000001,0.93865,0.04555800000000001,0.9848190000000001,0.987436583,1014199,-0.78,31
24.0.0,2026-10-06-11,fmt_no_crlf,0.9815227360000001,0.0019348876796116332,0.981724,0.9367039999999999,0.043353333333333334,0.9794950830000001,0.983349125,1018330,-0.42,20
24.0.0,2026-10-06-11,fmt_no_final_newline,0.9842460413333334,0.0011297252867402427,0.9838675410000001,0.937287,0.04548633333333333,0.983354166,0.985516417,1016260,-0.56,22
24.0.0,2026-10-06-11,foreach,0.7541068333333333,0.0014206126629371656,0.75379775,0.7072376666666665,0.04536066666666666,0.752866208,0.7556565420000001,1326260,0.8,39
24.0.0,2026-10-06-11,frequency,1.4073896110000002,0.008786234561941934,1.408449625,2.3304836666666664,0.15249966666666667,1.398121458,1.41559775,710732,42.02,1
24.0.0,2026-10-06-11,frequency_ignorecase,4.982266402666666,0.01881993703217562,4.989478833,5.900174333333332,0.157488,4.960907,4.996413375,200723,17.18,27
24.0.0,2026-10-06-11,frequency_ignorecase_index,0.6911011386666668,0.0009404813178954294,0.6910005410000001,7.125051666666667,0.24316666666666664,0.690215,0.692087875,1447178,21.67,1
24.0.0,2026-10-06-11,frequency_index,0.33772841699999995,0.006848591660280507,0.33453312500000004,2.878586,0.25410666666666665,0.333061417,0.345590709,2958580,32.67,1
24.0.0,2026-10-06-11,frequency_index_frequency_cache,0.34966436100000003,0.0033599699918289492,0.35100637500000004,2.989134333333333,0.25236366666666665,0.345840792,0.352145916,2857143,32.26,1
24.0.0,2026-10-06-11,frequency_index_stats_mode_auto,0.33491455600000003,0.0022732591002186755,0.33566137500000004,2.8700259999999997,0.25187866666666664,0.332361834,0.336720459,2985075,35.62,2
24.0.0,2026-10-06-11,frequency_index_stats_mode_force,0.3367245973333333,0.005026350412359289,0.33600533400000004,2.8621719999999997,0.25734966666666664,0.33209662500000003,0.34207183300000005,2967359,34.57,2
24.0.0,2026-10-06-11,frequency_index_stats_mode_none,0.3375335830000001,0.002602241166718412,0.336686625,2.859702,0.2570426666666667,0.335460333,0.340453791,2958580,36.68,2
24.0.0,2026-10-06-11,frequency_j1,1.4694230833333333,0.015595614599109544,1.465285125,2.2559849999999995,0.14454233333333333,1.45631375,1.486670375,680735,39.43,1
24.0.0,2026-10-06-11,frequency_j1_ignorecase,5.062824888666667,0.013074149162538455,5.060956208,5.841804666666666,0.153825,5.050785625,5.076732833,197511,15.85,25
24.0.0,2026-10-06-11,frequency_limit20,1.404874917,0.005290581017680244,1.404761334,2.335875,0.14929633333333334,1.399642042,1.4102213749999999,711744,42.1,1
24.0.0,2026-10-06-11,frequency_limit20_index,0.32963950000000003,0.0003653118170371601,0.329582833,2.8637026666666663,0.2503703333333333,0.32930583300000005,0.330029834,3030303,35.36,1
24.0.0,2026-10-06-11,frequency_no_limit,2.5425846113333335,0.005482587431218092,2.544052334,5.059859666666667,0.28905000000000003,2.536517542,2.547183958,393236,39.34,1
24.0.0,2026-10-06-11,frequency_no_limit_index,1.4987401806666665,0.06577066252561084,1.530828375,5.672161,0.42555566666666667,1.4230845,1.542307667,667111,37.89,1
24.0.0,2026-10-06-11,frequency_notrim,1.4702807363333334,0.001771235464993151,1.469403209,2.395261666666667,0.14867133333333332,1.469119583,1.472319417,680272,41.01,1
24.0.0,2026-10-06-11,frequency_notrim_index,0.340676653,0.002268912775395323,0.339759209,2.959521333333333,0.2507886666666667,0.339010125,0.34326062500000004,2932551,35.86,1
24.0.0,2026-10-06-11,frequency_other_sorted,1.4137625973333332,0.007460197522944821,1.417274709,2.3430346666666666,0.147396,1.405194541,1.418818542,707214,41.76,1
24.0.0,2026-10-06-11,frequency_other_sorted_index,0.3363000973333334,0.005670530170743323,0.335445833,2.8542666666666663,0.24636899999999998,0.33110516700000003,0.342349292,2976190,34.83,1
24.0.0,2026-10-06-11,frequency_selregex,0.6900237636666667,0.0023135074354374238,0.688801583,1.508997,0.11740533333333332,0.688577666,0.692692042,1449275,57.15,1
24.0.0,2026-10-06-11,frequency_selregex_ignorecase,1.6529389023333334,0.0024421491495320888,1.6526032910000001,2.469474333333333,0.12118666666666666,1.650681916,1.6555315,604961,35.79,37
24.0.0,2026-10-06-11,frequency_sorted,1.4021062499999999,0.04078402474333409,1.386224125,2.334826666666667,0.14637466666666665,1.371652583,1.448442042,713267,41.75,2
24.0.0,2026-10-06-11,frequency_sorted_index,1.3995207363333335,0.003720522979912922,1.399666,2.332006,0.146209,1.395729709,1.4031665,714286,42.83,2
24.0.0,2026-10-06-11,geocode_reverse,1.8204780413333335,0.0043167009427307465,1.819045583,2.996404666666667,0.7090146666666666,1.817059666,1.825328875,549451,-1.77,5
24.0.0,2026-10-06-11,geocode_reverse_batchall,2.5039819033333335,0.017390170906946112,2.494991292,3.324766333333333,1.4511469999999997,2.492927459,2.524026959,399361,-2.19,12
24.0.0,2026-10-06-11,geocode_suggest,3.906676527666667,0.013635521874104793,3.905581417,27.931252,0.41910866666666663,3.893621583,3.920826583,255951,1.4,18
24.0.0,2026-10-06-11,geocode_suggest_batchall,4.497048708333334,0.060260714676014196,4.5052065,28.157937666666665,0.5042236666666667,4.433124666,4.552814959,222370,0.5,27
24.0.0,2026-10-06-11,geoconvert_csv2geojsonl,15.773446014,0.12893747766817107,15.7914725,13.222918333333332,2.4627813333333335,15.636443875,15.892421667,47252,-5.82,3
24.0.0,2026-10-06-11,headers,0.010891944666666667,0.00008529705554902382,0.010915834000000001,0.006996666666666666,0.0030596666666666667,0.010797250000000001,0.01096275,90909091,-5.29,2
24.0.0,2026-10-06-11,headers_justcount,0.010949708666666669,0.00029297788499703056,0.0108,0.007048,0.0030919999999999997,0.010761834000000001,0.011287292,90909091,-5.85,2
24.0.0,2026-10-06-11,headers_justnames,0.010902972666666668,0.00011622764966363776,0.010837542,0.00698,0.0030916666666666666,0.010834209000000001,0.011037167,90909091,-5.61,2
24.0.0,2026-10-06-11,implode,0.5621923750000001,0.002376943004341749,0.5627490420000001,0.5208796666666666,0.039368999999999994,0.5595865,0.564241583,1779359,1.58,2
24.0.0,2026-10-06-11,index,0.46519144433333337,0.0005366891570512102,0.46518575,0.4233153333333333,0.040161999999999996,0.464657625,0.46573095800000003,2150538,3.27,8
24.0.0,2026-10-06-11,input,1.6031745136666666,0.012629953083833075,1.598657416,1.556733666666667,0.04488999999999999,1.593424208,1.617441917,623830,2.67,14
24.0.0,2026-10-06-11,join,1.9181755416666668,0.0007550100101987057,1.917841458,1.3456096666666666,0.571003,1.917645209,1.919039958,521376,-2.3,32
24.0.0,2026-10-06-11,join_casei,1.9136370973333332,0.000740856175850869,1.913890667,1.3425376666666669,0.5695213333333332,1.91280275,1.914217875,522466,-1.85,27
24.0.0,2026-10-06-11,joinp,1.2244520833333334,0.0035624887224344733,1.224708083,3.3185226666666665,0.37974033333333335,1.2207685,1.227879667,816993,6.22,34
24.0.0,2026-10-06-11,joinp_streaming,1.2262947636666668,0.011636783310705357,1.221074,3.3048853333333335,0.381496,1.218182625,1.239627666,815661,6.45,33
24.0.0,2026-10-06-11,json,19.578211611333334,0.5540335607516341,19.300354209,17.753653999999997,1.2624866666666665,19.218091583,20.216189042,51078,-4.13,12
24.0.0,2026-10-06-11,json_jaq,22.045414833666666,0.05742566977032806,22.026607,17.816644666666665,3.9852819999999998,21.999751459,22.109886042,45362,-3.34,3
24.0.0,2026-10-06-11,jsonl,1.537410361,0.0012183818606975798,1.537559458,8.302570000000001,0.17364666666666664,1.536124292,1.538547333,650618,-2.14,43
24.0.0,2026-10-06-11,jsonl_batchall,1.982846514,0.03735805223465826,1.964282375,8.467536666666666,0.5786833333333333,1.958406875,2.025850292,504286,-2.04,42
24.0.0,2026-10-06-11,jsonl_j1,6.8904605409999995,0.0779069724211389,6.854296041,6.7593266666666665,0.128192,6.837208416,6.979877166,145138,-0.52,52
24.0.0,2026-10-06-11,luau_filter,8.84219275,0.13328664498020715,8.778691791,8.273856333333333,0.5636013333333333,8.7525305,8.995355959,113097,-0.33,49
24.0.0,2026-10-06-11,luau_filter_colidx,11.01901725,0.02774576104405432,11.034925834,10.434732666666667,0.5825156666666665,10.986979458,11.035146458,90752,-2.11,51
24.0.0,2026-10-06-11,luau_filter_no_globals,5.492542055666667,0.019764431956864694,5.486257,4.935515666666666,0.5554763333333333,5.476684417,5.51468475,182050,-0.32,46
24.0.0,2026-10-06-11,luau_filter_no_globals_colidx,7.671717805666667,0.00602100680167543,7.67114275,7.1267586666666665,0.543643,7.666004958,7.678005709,130344,-3.4,69
24.0.0,2026-10-06-11,luau_multi,45.87284686133333,0.02940245576797135,45.85816775,28.56851433333333,17.30097,45.853674209,45.906698625,21799,-1.27,54
24.0.0,2026-10-06-11,luau_multi_colidx,48.28244247200001,0.2734616173957172,48.371607291,30.789607333333333,17.487964666666667,47.975527292,48.500192833,20712,-3.28,54
24.0.0,2026-10-06-11,luau_multi_no_globals,42.69232920833334,0.03856951204508258,42.674193625,25.347919333333333,17.341876333333335,42.666170125,42.736623875,23424,-2.55,54
24.0.0,2026-10-06-11,luau_multi_no_globals_colidx,45.30285123633333,0.19212324735055836,45.298318834,27.667799666666667,17.628981,45.113034291,45.497200584,22074,-4.42,55
24.0.0,2026-10-06-11,luau_script,54.88230729166667,0.05989590091831072,54.867876959,37.59573733333333,17.284778,54.830944791,54.948100125,18221,-2.83,55
24.0.0,2026-10-06-11,luau_script_colidx,57.152458958333334,0.06429293022367771,57.1487175,39.796501,17.353552666666666,57.090118458,57.218540917,17497,-2.93,51
24.0.0,2026-10-06-11,luau_script_debug,74.29843776433334,0.16489461080069376,74.314377084,56.54141466666666,17.753739,74.126152292,74.454783917,13459,-4.95,30
24.0.0,2026-10-06-11,luau_script_no_globals,53.526902,1.279889696314763,53.1483105,34.735936333333335,18.782592666666662,52.479015875,54.953379625,18682,-6.58,55
24.0.0,2026-10-06-11,luau_script_no_globals_colidx,54.019472403,0.15690303951930648,54.082552667,36.542598,17.47435533333333,53.8408465,54.135018042,18512,-3.73,51
24.0.0,2026-10-06-11,moarstats_advanced_bivariate_all_index,8.076944694333333,0.12080102372731014,8.025116458,41.32353666666666,1.9494006666666666,7.990705958,8.215011667,123808,-6.38,2
24.0.0,2026-10-06-11,moarstats_advanced_bivariate_index,0.30065175000000005,0.006041554065647281,0.30172750000000004,2.985554666666667,0.12547366666666668,0.294144583,0.30608316700000004,3322259,21.39,1
24.0.0,2026-10-06-11,moarstats_advanced_index,0.011516721666666667,0.00013426892574729728,0.011477291,0.007454666666666668,0.002983333333333333,0.011406583000000001,0.011666291,83333333,-7.19,15
24.0.0,2026-10-06-11,moarstats_bivariate_all_index,7.871409541333333,0.09452342325926259,7.824286916,41.59070633333334,1.98707,7.8097108330000005,7.980230875,127049,-2.14,2
24.0.0,2026-10-06-11,moarstats_bivariate_index,0.28983694433333335,0.002486678068046271,0.290766208,3.0095759999999996,0.11258466666666667,0.28701945900000003,0.29172516600000004,3448276,24.32,1
24.0.0,2026-10-06-11,moarstats_index,0.011451652666666668,0.00012097011231842839,0.011478166000000001,0.007423333333333333,0.0029493333333333333,0.011319625000000002,0.011557167,90909091,-6.67,16
24.0.0,2026-10-06-11,partition,1.896093792,0.020351489727815746,1.884350209,1.359507,0.2064003333333333,1.8843375,1.919593667,527426,-2.4,24
24.0.0,2026-10-06-11,pivotp_basic,2.861857333333333,0.0035293573386608245,2.863204125,4.610040000000001,0.17744033333333334,2.857852875,2.864515,349406,0.76,27
24.0.0,2026-10-06-11,pivotp_dates,1.9895968750000002,0.004363565713310168,1.98955825,2.527982,0.103399,1.98525275,1.9939796250000001,502513,-1.79,13
24.0.0,2026-10-06-11,pivotp_smart,2.8745860973333333,0.018811540945026732,2.8833345,4.584953333333334,0.18572,2.8529935,2.887430292,347826,-0.12,28
24.0.0,2026-10-06-11,pragmastat_50k,17.996793458,0.018342150238143635,17.992023333,104.73572733333333,0.08779233333333332,17.981307625,18.017049416,2778,1.69,1
24.0.0,2026-10-06-11,pragmastat_50k_index,17.98060934733333,0.029667532428682974,17.9690975,104.99849966666666,0.14190066666666665,17.958423,18.014307542,2781,1.77,1
24.0.0,2026-10-06-11,pragmastat_50k_twosample,0.147146514,0.00004207679608762461,0.147161291,0.1423346666666667,0.007920666666666666,0.147099042,0.147179209,340136,-0.22,2
24.0.0,2026-10-06-11,pseudo,1.8961175136666668,0.0009412414823604733,1.8958540410000002,1.8471343333333332,0.04729766666666666,1.8953360840000002,1.897162416,527426,-2.56,50
24.0.0,2026-10-06-11,pseudo_formatstr,2.1519872363333334,0.011150096829196163,2.148296209,2.0985289999999996,0.051447333333333324,2.143150667,2.164514833,464684,-2.34,42
24.0.0,2026-10-06-11,py_dateformat,14.568032791333335,0.11751601943534731,14.610460875,14.489754333333332,0.075644,14.435194791,14.658442708,68644,-0.95,3
24.0.0,2026-10-06-11,py_filter,7.836480013666666,0.028691459103265614,7.847013291,7.693423666666667,0.13995766666666667,7.804010666,7.858416084,127616,-1.18,3
24.0.0,2026-10-06-11,py_script,18.974229472,0.13119165891516543,19.048833083,18.879370666666663,0.09170666666666666,18.822748083,19.05110725,52704,0.14,1
24.0.0,2026-10-06-11,py_script_batchall,19.371339083333336,0.14340748478225518,19.378387917,19.947695,0.3425233333333333,19.224537166,19.511092167,51624,3.7,2
24.0.0,2026-10-06-11,readstat_dta,0.193011111,0.0002865084306822411,0.193035167,0.231737,0.05461866666666667,0.19271333300000001,0.19328483300000002,518135,,1
24.0.0,2026-10-06-11,readstat_dta_select,0.04727348666666667,0.0003959835218116195,0.047048584000000004,0.028652,0.041916666666666665,0.047041167,0.047730709,2127660,,1
24.0.0,2026-10-06-11,readstat_sav,0.24166473633333332,0.0010242415754226793,0.24128333400000002,0.29034299999999996,0.055320666666666664,0.240885917,0.242824958,413223,,1
24.0.0,2026-10-06-11,readstat_sav_compressed,0.30917145833333337,0.0008595944931817416,0.30938775,0.37116699999999997,0.03927666666666666,0.308224375,0.30990225000000005,323625,,1
24.0.0,2026-10-06-11,readstat_xpt,0.18294193033333336,0.0009349147417408448,0.182667708,0.2245933333333333,0.05173066666666667,0.182174792,0.18398329100000002,546448,,1
24.0.0,2026-10-06-11,rename,1.0013610143333331,0.003019701331557526,1.000080334,0.9609113333333332,0.03876566666666667,0.999192709,1.00481,999001,-2.85,27
24.0.0,2026-10-06-11,replace,2.0386473056666667,0.004050912126119867,2.03677425,1.9976123333333333,0.039358333333333335,2.035871875,2.043295792,490436,1.0,13
24.0.0,2026-10-06-11,replace_indexed,1.0306322083333335,0.010733312147108341,1.033160625,5.887870333333333,0.344969,1.018860416,1.039875584,969932,-3.43,3
24.0.0,2026-10-06-11,reverse,1.122895778,0.004531506149364435,1.124372125,0.9819376666666667,0.136519,1.117810209,1.126505,890472,-2.55,51
24.0.0,2026-10-06-11,reverse_index,6.2619411666666664,0.037695412456025756,6.243082,1.2042203333333334,5.054579333333334,6.237397334,6.305344166,159693,-1.28,29
24.0.0,2026-10-06-11,safenames,1.0010745416666669,0.00029571336370264327,1.001121042,0.961521,0.038269,1.000758333,1.00134425,999001,-2.83,26
24.0.0,2026-10-06-11,sample_10,0.5309569310000001,0.0004367921072741676,0.531070459,0.4940806666666666,0.035607,0.530474584,0.53132575,1883239,1.0,33
24.0.0,2026-10-06-11,sample_1000,0.5334022496666667,0.00020281006070295744,0.533443458,0.49656933333333325,0.03528033333333334,0.533182,0.5335812910000001,1876173,0.62,35
24.0.0,2026-10-06-11,sample_100000,0.6513411943333334,0.004314984357161255,0.651801625,0.6030920000000001,0.045921666666666666,0.646814458,0.6554075,1536098,-1.0,6
24.0.0,2026-10-06-11,sample_100000_index,0.6550454166666667,0.009395647372379235,0.6499882920000001,0.1898143333333333,0.46811699999999995,0.6492615,0.665886458,1526718,-1.51,26
24.0.0,2026-10-06-11,sample_100000_seeded,0.6425747776666667,0.002350547507294039,0.64177775,0.5959906666666667,0.04347566666666666,0.6407263750000001,0.645220208,1555210,0.2,4
24.0.0,2026-10-06-11,sample_100000_seeded_faster,0.6428395693333334,0.0025857335274496506,0.643969334,0.5953226666666667,0.043684999999999995,0.639881208,0.644668166,1555210,0.02,8
24.0.0,2026-10-06-11,sample_100000_seeded_index,0.6468524306666668,0.001017897092821475,0.6471247090000001,0.18790466666666664,0.46169566666666667,0.645726083,0.6477065000000001,1545595,-0.71,23
24.0.0,2026-10-06-11,sample_100000_seeded_index_faster,0.6514345140000001,0.0032006759333757856,0.650470583,0.187551,0.46712299999999995,0.648826584,0.655006375,1536098,-1.01,27
24.0.0,2026-10-06-11,sample_100000_seeded_index_secure,0.648647014,0.0015324675962286988,0.648546625,0.18808533333333333,0.4635373333333333,0.647167209,0.650227208,1540832,-1.57,23
24.0.0,2026-10-06-11,sample_100000_seeded_secure,0.649505708,0.0015395728501493464,0.6501484160000001,0.59814,0.047176666666666665,0.647748917,0.650619791,1538462,-1.21,9
24.0.0,2026-10-06-11,sample_1000_index,0.02824152766666667,0.00003521095638197413,0.028225375,0.014493666666666667,0.012217666666666667,0.028217291000000002,0.028281917,35714286,-3.39,32
24.0.0,2026-10-06-11,sample_1000_stratified,0.7467399583333334,0.012301537753773517,0.7457600000000001,0.6112730000000001,0.13102766666666668,0.734957709,0.7595021660000001,1338688,-2.62,9
24.0.0,2026-10-06-11,sample_1000_systematic,0.7070672086666666,0.017736268321901085,0.7125644170000001,1.5130793333333334,0.107469,0.6872332090000001,0.721404,1414427,52.62,12
24.0.0,2026-10-06-11,sample_1000_weighted,0.5811915416666666,0.0005820300858489177,0.5810261250000001,0.541602,0.03818266666666666,0.5807101250000001,0.581838375,1721170,1.32,21
24.0.0,2026-10-06-11,sample_10_index,0.016457916333333336,0.00013946596617932756,0.016456250000000002,0.012112666666666666,0.003126,0.016319291,0.016598208,62500000,-5.08,31
24.0.0,2026-10-06-11,sample_25pct_index,1.4004426250000002,0.0053063611100630315,1.39967775,0.44175633333333336,0.9652599999999999,1.395560208,1.406089917,714286,-1.17,26
24.0.0,2026-10-06-11,sample_25pct_seeded_index,1.4013876393333333,0.009510352667083978,1.397724625,0.4403646666666667,0.9676029999999999,1.394253459,1.412184834,713776,-1.14,27
24.0.0,2026-10-06-11,sample_500_cluster,1.4862252363333333,0.0028879094776863164,1.484942,1.415273,0.06919133333333333,1.484201334,1.489532375,672948,0.5,16
24.0.0,2026-10-06-11,sample_bernoulli,0.650708167,0.00045104403916243886,0.650823459,0.612818,0.036422,0.6502106670000001,0.651090375,1536098,0.19,23
24.0.0,2026-10-06-11,schema,3.713538861,0.02699393095358173,3.7063345,4.181583333333333,0.141248,3.690878041,3.743404042,269251,3.83,1
24.0.0,2026-10-06-11,schema_index,0.08008809700000001,0.003437598400935751,0.07886016700000001,0.6331486666666666,0.06993866666666666,0.077433083,0.08397104100000001,12500000,11.66,1
24.0.0,2026-10-06-11,scoresql,0.035252694666666674,0.00012175725157185987,0.035301625,0.030125666666666665,0.008459,0.035114084000000004,0.035342375,28571429,-2.63,2
24.0.0,2026-10-06-11,search,0.608034139,0.0005206036252159483,0.608178375,0.5709286666666666,0.03549833333333333,0.6074566250000001,0.6084674170000001,1644737,1.53,30
24.0.0,2026-10-06-11,search_file,1.0863340833333333,0.0006701215031412983,1.086303083,1.0467576666666665,0.03795066666666667,1.08568,1.087019167,920810,1.65,23
24.0.0,2026-10-06-11,search_file_case_sensitive,1.0106305833333333,0.0028345304549602895,1.010351792,0.971476,0.037504,1.00794575,1.013594208,989120,3.46,21
24.0.0,2026-10-06-11,search_file_case_sensitive_unicode,1.0098721106666668,0.0032748282171833807,1.009237875,0.9700013333333333,0.03823766666666667,1.006960791,1.013417666,990099,3.12,23
24.0.0,2026-10-06-11,search_file_flag,1.2878249166666667,0.0021724955310016805,1.288853333,1.2482483333333334,0.03792466666666666,1.285329167,1.28929225,776398,0.97,25
24.0.0,2026-10-06-11,search_file_flag_matchonly,0.8235877500000001,0.0017262684845176977,0.8228622080000001,0.7866460000000001,0.03536933333333333,0.822342667,0.8255583750000001,1213592,2.71,7
24.0.0,2026-10-06-11,search_file_literal,0.9196831803333335,0.0015412991237253029,0.9190020000000001,0.8823343333333332,0.035791333333333335,0.918599833,0.9214477080000001,1086957,5.62,2
24.0.0,2026-10-06-11,search_file_unicode,1.1024230973333333,0.0014665883041250316,1.103193167,1.0641086666666666,0.03676666666666666,1.100731875,1.10334425,907441,1.96,23
24.0.0,2026-10-06-11,search_index,0.21661436133333337,0.003091630352026956,0.21667333300000002,0.8697883333333333,0.132615,0.21349366700000003,0.21967608400000002,4608295,-0.73,4
24.0.0,2026-10-06-11,search_unicode,0.6082951943333333,0.0007884737876406289,0.6087473750000001,0.5708583333333334,0.03583366666666666,0.60738475,0.608753458,1644737,1.36,29
24.0.0,2026-10-06-11,searchset,1.3008856666666666,0.005182116651328136,1.300617125,2.1223213333333333,0.10617399999999999,1.295843042,1.306196833,768640,39.41,19
24.0.0,2026-10-06-11,searchset_ignorecase,1.5478908750000002,0.00387649483062649,1.5471261250000001,2.369752333333333,0.10756066666666665,1.5444537500000002,1.55209275,645995,34.94,19
24.0.0,2026-10-06-11,searchset_index,0.496343097,0.003806818589564263,0.49584787500000005,4.521336333333333,0.09468133333333333,0.49280812500000004,0.500373291,2016129,-1.57,2
24.0.0,2026-10-06-11,searchset_unicode,1.301897083,0.0017004820966828565,1.302298416,2.1194966666666666,0.10709599999999998,1.300031833,1.303361,768049,39.2,17
24.0.0,2026-10-06-11,select,0.5049029863333333,0.002503071937524199,0.5041424170000001,0.468458,0.034892,0.5028684170000001,0.507698125,1980198,0.7,30
24.0.0,2026-10-06-11,select_regex,0.5400136250000002,0.002430830095486954,0.5387615,0.5020049999999999,0.03636999999999999,0.5384641250000001,0.5428152500000001,1851852,0.88,31
24.0.0,2026-10-06-11,slice_last_1k,0.5294724026666667,0.001944849270006852,0.530389,0.49250733333333335,0.035387333333333326,0.5272386250000001,0.530789583,1890359,1.1,33
24.0.0,2026-10-06-11,slice_last_1k_index,0.012317833333333333,0.000027739017598562354,0.012313458000000001,0.008108333333333334,0.0031406666666666666,0.012292542,0.0123475,83333333,-5.56,42
24.0.0,2026-10-06-11,slice_last_1k_json,0.534533375,0.0015492957739772883,0.5349881670000001,0.49720799999999993,0.035753,0.5328075830000001,0.535804375,1869159,1.1,35
24.0.0,2026-10-06-11,slice_last_1k_json_index,0.016059236,0.00020080174611043682,0.016001791,0.011689999999999999,0.0032493333333333332,0.015893417,0.016282500000000002,62500000,-4.87,43
24.0.0,2026-10-06-11,slice_one_middle,0.527428778,0.0008333427829242705,0.527341084,0.49043699999999996,0.03541066666666667,0.52664275,0.5283025,1897533,1.49,45
24.0.0,2026-10-06-11,slice_one_middle_index,0.011354361333333333,0.0000788243350516408,0.011309667,0.007140999999999999,0.0031146666666666666,0.011308042,0.011445375,90909091,-5.75,56
24.0.0,2026-10-06-11,snappy_check,0.010891291333333336,0.00008139847724210431,0.010875416,0.007147666666666666,0.0029086666666666666,0.010819,0.010979458000000001,90909091,-4.39,3
24.0.0,2026-10-06-11,snappy_compress,0.18035694433333335,0.04965315841438786,0.15356050000000002,1.1602093333333332,0.11072233333333333,0.149858708,0.237651625,5555556,-21.53,33
24.0.0,2026-10-06-11,snappy_decompress,0.5095470003333333,0.001172985823964819,0.50968175,0.4888866666666667,0.019100666666666665,0.508312459,0.5106467920000001,1960784,-0.44,49
24.0.0,2026-10-06-11,snappy_validate,0.4934029166666667,0.00041742889705593687,0.49324775000000004,0.47517800000000004,0.016723666666666664,0.493085292,0.493875708,2028398,-0.56,47
24.0.0,2026-10-06-11,sniff,0.5194469026666667,0.0019385386650320807,0.519059542,0.5456283333333333,0.05844833333333333,0.517731291,0.521549875,1926782,7.09,1
24.0.0,2026-10-06-11,sort,1.4020985556666667,0.005035756554572649,1.400348417,2.250527333333333,0.15506899999999998,1.398171375,1.407775875,713267,-0.09,47
24.0.0,2026-10-06-11,sort_random_seeded,1.298848097,0.0043332745750445725,1.296685916,1.1668856666666665,0.12956233333333333,1.296021375,1.3038370000000001,769823,-0.29,49
24.0.0,2026-10-06-11,sort_random_seeded_faster,1.3070906666666666,0.0036499724802919924,1.306380834,1.1759646666666665,0.1272293333333333,1.30384775,1.311043416,765111,-1.49,41
24.0.0,2026-10-06-11,sort_random_seeded_secure,1.301665875,0.007462977770509919,1.2991207500000002,1.1661413333333333,0.13011899999999998,1.295808375,1.3100685,768049,-0.91,41
24.0.0,2026-10-06-11,sortcheck_sorted,0.46968845800000003,0.0025213507222100195,0.47024512500000004,0.42622033333333337,0.041788,0.46693529100000003,0.471884958,2127660,-0.04,4
24.0.0,2026-10-06-11,sortcheck_unsorted,0.019272555333333333,0.010227031744948548,0.0138645,0.011509333333333335,0.005376,0.012885,0.031068166,52631579,-88.83,61
24.0.0,2026-10-06-11,sortcheck_unsorted_all,0.49024384700000007,0.003041751608771339,0.489452708,0.44639466666666666,0.04215133333333334,0.487675833,0.493603,2040816,0.15,3
24.0.0,2026-10-06-11,split,1.130421722333333,0.0070849920476963755,1.126801625,0.8931603333333333,0.1883,1.125878167,1.138585375,884956,-4.82,46
24.0.0,2026-10-06-11,split_chunks,1.3039664856666666,0.010792621594232615,1.309463208,1.8913806666666666,0.27187799999999995,1.291532041,1.310904208,766871,35.49,25
24.0.0,2026-10-06-11,split_chunks_index,0.29114606933333337,0.12490845577197694,0.23479470800000002,1.0669443333333335,0.3258083333333333,0.20434125,0.43430225,3436426,-9.62,40
24.0.0,2026-10-06-11,split_chunks_index_j1,1.6244557639999997,0.6952101587201697,1.263431166,0.9671966666666666,0.26453666666666664,1.184030792,2.425905334,615764,-34.88,50
24.0.0,2026-10-06-11,split_index,0.23030363866666667,0.025284850568667104,0.22201104100000002,1.0681753333333333,0.4546423333333333,0.210206417,0.25869345800000004,4347826,29.36,31
24.0.0,2026-10-06-11,split_index_j1,1.2423459443333333,0.07052032557250365,1.219993625,0.9387530000000001,0.2257663333333333,1.185710625,1.321333583,805153,-6.56,51
24.0.0,2026-10-06-11,split_kbsize,7.122295749999999,0.026546794323946174,7.129900917,6.724899000000001,0.25854366666666667,7.092776375,7.144209958,140410,-1.12,50
24.0.0,2026-10-06-11,sqlp,1.5626961803333332,0.005639469739552091,1.561307416,2.5754706666666665,0.19318366666666664,1.557880833,1.568900292,639795,0.02,45
24.0.0,2026-10-06-11,sqlp_aggregations,1.442183125,0.0005820032849400438,1.442232709,1.9405356666666667,0.07342366666666666,1.441577916,1.44273875,693481,0.77,48
24.0.0,2026-10-06-11,sqlp_aggregations_expensive,0.9504456806666668,0.004153627335362958,0.949346125,1.7525893333333336,0.07629133333333334,0.946952458,0.9550384590000001,1052632,10.96,32
24.0.0,2026-10-06-11,sqlp_aggregations_expensive_streaming,0.9538394860000001,0.0041855630025411416,0.9537005420000001,1.7487626666666667,0.07981,0.9497251250000001,0.9580927910000001,1048218,10.57,30
24.0.0,2026-10-06-11,sqlp_aggregations_expensive_vs_duckdb,0.4068211526666667,0.0024732529485093947,0.406369333,2.150114,0.09055666666666667,0.404604958,0.40948916700000004,2457002,-0.92,23
24.0.0,2026-10-06-11,sqlp_aggregations_use_schema_cache,0.9372800273333334,0.0016540202634555037,0.936750708,1.3567243333333332,0.06354900000000001,0.935955458,0.9391339160000001,1067236,-1.4,37
24.0.0,2026-10-06-11,sqlp_aggregations_vs_duckdb,0.3809115553333333,0.0026195854181645392,0.38024179100000005,1.9279253333333333,0.07835533333333332,0.378691875,0.383801,2624672,0.68,24
24.0.0,2026-10-06-11,sqlp_format_arrow,0.06945399933333334,0.0007828739155881539,0.06901829100000001,0.069823,0.010717333333333334,0.06898591600000001,0.070357791,14492754,-1.29,19
24.0.0,2026-10-06-11,sqlp_format_avro,0.06907468066666668,0.0008307184335407102,0.06865670800000001,0.06962733333333333,0.010645666666666666,0.06853595900000001,0.070031375,14492754,0.17,17
24.0.0,2026-10-06-11,sqlp_format_json,0.06850247200000001,0.0000702415420317626,0.068499291,0.06932433333333334,0.010249666666666666,0.068433875,0.06857425,14492754,-0.15,18
24.0.0,2026-10-06-11,sqlp_format_jsonl,0.06870955566666666,0.0005804196560027333,0.068480333,0.06636866666666667,0.010126333333333333,0.06827875,0.069369584,14492754,-0.46,19
24.0.0,2026-10-06-11,sqlp_format_parquet,0.06849234733333336,0.0002240006136628495,0.06852075,0.06929933333333332,0.010240333333333334,0.06825550000000001,0.06870079200000001,14705882,-0.94,19
24.0.0,2026-10-06-11,sqlp_format_parquet_statistics,0.06893824999999999,0.0004988698058281396,0.06879779100000001,0.06948766666666667,0.010517666666666666,0.068524667,0.06949229200000001,14492754,-0.82,20
24.0.0,2026-10-06-11,sqlp_lowmemory,0.06829620866666668,0.0001947785183800609,0.06832875000000001,0.06602933333333333,0.010209,0.06808720900000001,0.068472667,14705882,0.19,14
24.0.0,2026-10-06-11,sqlp_nooptimizations,0.068443819,0.0000769233675614927,0.068449416,0.06923733333333333,0.010333666666666666,0.06836425,0.06851779100000001,14705882,0.19,15
24.0.0,2026-10-06-11,sqlp_tryparsedates,0.06855733333333335,0.0002865438744282145,0.068457417,0.06916633333333333,0.010588333333333332,0.06833412500000001,0.068880458,14492754,-1.86,10
24.0.0,2026-10-06-11,sqlp_tryparsedates_inferlen,0.06875702766666668,0.00023173991681696383,0.068759625,0.06927,0.010496333333333331,0.068524,0.068987458,14492754,-0.38,11
24.0.0,2026-10-06-11,stats,1.049136694666667,0.0015965459207533928,1.048257417,1.4746329999999999,0.042409,1.048173083,1.050979584,953289,1.75,1
24.0.0,2026-10-06-11,stats_create_cache,1.049512389,0.0006513177784453616,1.049676916,1.4746916666666667,0.04271366666666666,1.048794584,1.050065667,952381,1.81,1
24.0.0,2026-10-06-11,stats_everything,2.452692680666667,0.021284358839375277,2.446025,3.135282333333333,0.13986066666666666,2.435540417,2.476512625,407664,0.34,1
24.0.0,2026-10-06-11,stats_everything_create_cache,2.439175847,0.005775305449257773,2.438623166,3.118253333333333,0.14164666666666667,2.43369675,2.445207625,410004,0.51,1
24.0.0,2026-10-06-11,stats_everything_index,0.5689381666666666,0.005443473791681412,0.565916667,4.898495999999999,0.32003833333333337,0.565675625,0.575222208,1757469,-2.78,3
24.0.0,2026-10-06-11,stats_everything_index_j1,3.0237545973333333,0.010029027341393718,3.019372,2.9294616666666666,0.09031166666666667,3.016662792,3.035229,330688,0.11,1
24.0.0,2026-10-06-11,stats_everything_index_j1_with_cache,0.011462180333333336,0.0001308019081868968,0.011409875,0.007354333333333333,0.002985333333333333,0.011365625,0.011611041,90909091,-5.25,52
24.0.0,2026-10-06-11,stats_everything_index_with_cache,0.011457014000000001,0.00013779540345381625,0.011378042000000001,0.0073286666666666665,0.003021666666666667,0.011376875000000002,0.011616125000000001,90909091,-4.99,52
24.0.0,2026-10-06-11,stats_everything_infer_dates,3.304746153,0.013977315130281972,3.306105292,4.113585666666666,0.18696166666666666,3.290138917,3.31799425,302572,1.92,1
24.0.0,2026-10-06-11,stats_everything_infer_dates_index,0.7221372220000001,0.004548668169938652,0.719573333,6.098754666666667,0.380329,0.71944925,0.727389083,1385042,8.57,1
24.0.0,2026-10-06-11,stats_everything_infer_dates_index_with_cache,0.011505361,0.0001209337524887073,0.011466792,0.007339666666666665,0.003055,0.011408416000000001,0.011640875,83333333,-3.84,46
24.0.0,2026-10-06-11,stats_everything_j1,3.0303487636666673,0.009426517598844499,3.029820166,2.9345130000000004,0.090445,3.021197667,3.040028458,330033,-0.36,2
24.0.0,2026-10-06-11,stats_everything_sorted,2.2530244303333333,0.008069190341534967,2.254942333,2.8875266666666666,0.13642766666666664,2.244169083,2.259961875,443853,0.71,1
24.0.0,2026-10-06-11,stats_everything_sorted_index,2.251250819333333,0.026401797006184925,2.238315375,2.8902016666666666,0.13478066666666666,2.233811208,2.281625875,444247,0.92,1
24.0.0,2026-10-06-11,stats_everything_sorted_index_with_cache,0.011460597333333334,0.0001487877466269766,0.011393125,0.007332666666666667,0.003008333333333333,0.011357500000000001,0.011631167000000001,90909091,-4.34,27
24.0.0,2026-10-06-11,stats_index,0.21023172233333334,0.017804349611311564,0.21103695800000002,1.7846563333333332,0.07040033333333333,0.19203841700000002,0.22761979200000002,4761905,-16.47,29
24.0.0,2026-10-06-11,stats_index_j1,1.4873272916666667,0.002262160935689281,1.48825575,1.4407363333333334,0.03979633333333333,1.484748625,1.4889775,672495,1.22,1
24.0.0,2026-10-06-11,stats_index_j1_with_cache,0.011437638666666668,0.0001447849022561864,0.01136675,0.007339333333333333,0.0029596666666666664,0.011341958000000001,0.011604208000000001,90909091,-3.75,54
24.0.0,2026-10-06-11,stats_index_with_cache,0.011707097333333335,0.00016112349552543004,0.011662167000000001,0.007372333333333334,0.0031823333333333335,0.011573208000000001,0.011885917000000001,83333333,-5.78,52
24.0.0,2026-10-06-11,synthesize,1.0320606946666666,0.02144899227447706,1.028464209,8.652592666666665,0.5658936666666666,1.012637292,1.055080583,968992,19.63,1
24.0.0,2026-10-06-11,table,4.284186986333334,0.005972811408338182,4.284370917,3.939636333333333,0.33763133333333334,4.278124334,4.290065708,233427,7.24,10
24.0.0,2026-10-06-11,template,1.9226954303333332,0.019734896221808435,1.917298958,9.737174333333334,0.1881543333333333,1.906220125,1.944567208,520021,31.42,13
24.0.0,2026-10-06-11,template_lookup_outdir,2.0655186249999997,0.00897398846391005,2.06127925,11.183148333333333,0.19273733333333332,2.059449708,2.075826917,484027,29.31,15
24.0.0,2026-10-06-11,to_datapackage,0.6999090973333333,0.008542001328103666,0.702707583,2.0061656666666665,0.3159983333333333,0.690318875,0.706700834,1428571,-1.38,21
24.0.0,2026-10-06-11,to_ods,28.371799805666665,0.0460110196978438,28.347114125,28.36767,0.7557159999999999,28.343399833,28.424885459,17623,1.34,1
24.0.0,2026-10-06-11,to_sqlite,4.120869819666667,0.0778355510424535,4.143582959,4.811619666666666,0.8882183333333332,4.034204167,4.184822333,242660,-1.8,2
24.0.0,2026-10-06-11,to_xlsx,28.55445581933333,0.06568943512125204,28.519645833,29.04139033333333,1.0562856666666667,28.513497292,28.630224333,35021,3.33,17
24.0.0,2026-10-06-11,tojsonl,8.287478125,0.007834478660615556,8.287729292,13.244026,0.609625,8.279521083,8.295184,120671,9.61,23
24.0.0,2026-10-06-11,tojsonl_batchall,8.600862194666666,0.02285306587121328,8.611317167,13.282077999999998,1.712654,8.574651792000001,8.616617625,116266,9.22,25
24.0.0,2026-10-06-11,tojsonl_index,3.6257125276666664,0.029195738977412088,3.618448167,14.515290666666667,0.6900836666666667,3.600834833,3.6578545829999998,275786,4.57,27
24.0.0,2026-10-06-11,tojsonl_index_j1,11.862432250333335,0.034455454871015,11.852650709,11.175356333333333,0.6811056666666667,11.833925125,11.900720917,84303,0.77,20
24.0.0,2026-10-06-11,tojsonl_j1,12.207240722,0.15925928265023465,12.152336958,12.302106666666667,0.8091743333333333,12.082696875,12.386688333,81920,6.18,15
24.0.0,2026-10-06-11,tojsonl_no_boolean,8.298157903,0.07634016746112013,8.266361042,13.226557999999999,0.621296,8.242855625,8.385257042,120511,12.58,1
24.0.0,2026-10-06-11,tojsonl_trim,8.276172805666667,0.17628227053352463,8.190618792,13.456749666666667,0.5837173333333333,8.158994125,8.4789055,120831,9.89,19
24.0.0,2026-10-06-11,tojsonl_trim_j1,12.291732777666667,0.0728463013683286,12.257579917,12.417539666666665,0.7974969999999999,12.242237666,12.37538075,81354,8.13,14
24.0.0,2026-10-06-11,transpose,2.7035288193333336,0.07200322074179642,2.671281708,2.4770673333333337,0.22087233333333334,2.653285541,2.786019209,369822,-3.84,43
24.0.0,2026-10-06-11,transpose_multipass,21.21251743066667,0.029603167870062022,21.2019515,21.088074000000002,0.12273699999999999,21.189646917,21.245953875,47141,0.55,15
24.0.0,2026-10-06-11,validate,0.8676110276666668,0.005412654871622247,0.8665962500000001,2.374965,0.14285466666666666,0.8627775830000001,0.87345925,1152074,48.98,1
24.0.0,2026-10-06-11,validate_batchall,1.0941293189999999,0.046644461788687724,1.078298791,2.5066526666666666,0.24402633333333332,1.057460375,1.146628791,914077,41.99,1
24.0.0,2026-10-06-11,validate_batchall_index,0.8926735413333334,0.01437200962560901,0.884611,1.4632393333333333,0.13808533333333334,0.8841429160000001,0.9092667080000001,1119821,3.1,1
24.0.0,2026-10-06-11,validate_dynenum,0.8539550280000001,0.01104521385864666,0.8515526670000001,2.3639360000000003,0.138487,0.8443087090000001,0.866003708,1170960,49.04,1
24.0.0,2026-10-06-11,validate_dynenum_batchall,1.0606135136666666,0.012008391954297863,1.059989583,2.4745399999999997,0.235781,1.04892925,1.072921708,942507,52.46,1
24.0.0,2026-10-06-11,validate_dynenum_batchall_index,0.8871053613333334,0.001320995024384769,0.886628458,1.4553103333333333,0.13971766666666666,0.886089042,0.888598584,1127396,4.17,1
24.0.0,2026-10-06-11,validate_dynenum_index,0.7058477360000001,0.001103243183126928,0.7060960420000001,1.3528596666666666,0.06822366666666667,0.7046415,0.706805666,1416431,5.27,1
24.0.0,2026-10-06-11,validate_dynenum_valid_output,1.779206597,0.01720213865240208,1.770073,3.2375659999999997,0.174485,1.768497708,1.799049083,562114,31.97,1
24.0.0,2026-10-06-11,validate_dynenum_valid_output_index,1.6040367636666666,0.003392932689215444,1.602194,2.2244233333333328,0.10173833333333333,1.601963958,1.607952333,623441,1.96,1
24.0.0,2026-10-06-11,validate_index,0.7019681109999999,0.009325283331833054,0.69672325,1.3621740000000002,0.06722333333333333,0.69644625,0.7127348330000001,1424501,6.06,1
24.0.0,2026-10-06-11,validate_no_schema,0.4935734583333334,0.002329233199783219,0.49427266700000005,0.456029,0.035829,0.49097470800000004,0.49547300000000005,2024291,0.88,17
24.0.0,2026-10-06-11,validate_no_schema_index,0.49312134733333335,0.0009421457305986935,0.493493542,0.45486266666666664,0.03652833333333333,0.492049958,0.49382054200000003,2028398,0.81,15
24.0.0,2026-10-06-11,validate_valid_output,1.7971379996666668,0.03413617767953052,1.799136083,3.2658993333333335,0.17510699999999998,1.762046666,1.8302312500000002,556483,31.18,1
24.0.0,2026-10-06-11,validate_valid_output_index,1.6098147503333333,0.004983032834990951,1.610875625,2.238541,0.10250133333333333,1.604386709,1.614181917,621118,1.77,1
24.0.0,2026-10-06-11,writestat_dta,10.741960541333333,0.17013138239288936,10.646287791,10.695189,0.12534566666666666,10.641204417,10.938389416,9309,,1
24.0.0,2026-10-06-11,writestat_sav,10.727011444666665,0.13264962538464928,10.653122834,10.653685333333334,0.08728666666666667,10.64776075,10.88015075,9322,,1
24.0.0,2026-10-06-11,writestat_sav_compress,10.713771777333335,0.008821923194643429,10.70958825,10.734924999999999,0.07114766666666666,10.707819916,10.723907166,9334,,1
24.0.0,2026-10-06-11,writestat_xpt,10.755044888999999,0.04269666289783324,10.733090125,10.712362666666666,0.12482199999999999,10.72779275,10.804251792,9298,,1
