YEAR,WARD,FULL_ADDRESS,PARID,SALE_DATE,PRICE_CURRENCY
2012,1st Ward,"1 N STATE ST, CLAIRTON, PA 15025",0764D00112000000,2012-10-18,"$320,000"
2012,2nd Ward,"501-521 PENN AVE, PITTSBURGH, PA 15222",0001C00058000000,2012-03-01,"$48,000,000"
2012,3rd Ward,"614 MANILLA ST, PITTSBURGH, PA 15219",0009S00093000000,2012-06-13,"$268,000"
2012,4th Ward,"4400 CENTRE AVE, PITTSBURGH, PA 15213",0027D00033000000,2012-05-04,"$4,545,000"
2012,5th Ward,"460 MELWOOD AVE, PITTSBURGH, PA 15213",0026M00070000000,2012-08-20,"$475,000"
2012,6th Ward,"3000 LIBERTY AVE, PITTSBURGH, PA 15201",0025G00310000000,2012-06-13,"$2,100,000"
2012,7th Ward,"4721 5TH AVE, PITTSBURGH, PA 15213",0052J00069000000,2012-06-28,"$5,600,000"
2012,8th Ward,"121 S HIGHLAND AVE, PITTSBURGH, PA 15206",0084B00068000000,2012-03-16,"$1,875,000"
2012,9th Ward,"141 41ST ST, PITTSBURGH, PA 15201",0049A00147000000,2012-07-03,"$1,100,000"
2012,10th Ward,"6411 BUTLER ST, BLDG C, PITTSBURGH, PA 15201",0120D00060000000,2012-02-02,"$500,000"
2012,11th Ward,"1010 HEBERTON ST, PITTSBURGH, PA 15206",0123N00097000000,2012-07-12,"$620,000"
2012,12th Ward,"143 ENTERPRISE ST, PITTSBURGH, PA 15206",0125A00072000000,2012-12-20,"$360,000"
2012,13th Ward,"7415 RACE ST, PITTSBURGH, PA 15208",0174G00015000000,2012-03-19,"$260,001"
2012,14th Ward,"5435 DUNMOYLE ST, PITTSBURGH, PA 15217",0085J00024000000,2012-07-19,"$1,805,162"
2012,15th Ward,"4144 SALINE ST, PITTSBURGH, PA 15217",0088B00144000000,2012-08-09,"$318,500"
2012,16th Ward,"2 HOT METAL ST, PITTSBURGH, PA 15203",0029N00355000000,2012-10-11,"$25,069,000"
2012,17th Ward,"134 S 7TH ST, PITTSBURGH, PA 15203",0003K00300000000,2012-02-22,"$825,000"
2012,18th Ward,"38 WINDOM HILL PL, PITTSBURGH, PA 15203",0003K00161000300,2012-08-27,"$620,000"
2012,19th Ward,"812 GRANDVIEW AVE, UNIT 3C, PITTSBURGH, PA 15211",0001J00062003300,2012-05-03,"$700,000"
2012,20th Ward,"1005 EAST ENTRY DR, 15216, PA 15216",0016N00001000000,2012-03-22,"$3,498,300"
2012,21st Ward,"1707 PENNSYLVANIA AVE, PITTSBURGH, PA 15233",0007A00121000000,2012-04-02,"$1,100,000"
2012,22nd Ward,"1215 BRIGHTON RD, PITTSBURGH, PA 15233",0023N00010000000,2012-09-12,"$1,200,000"
2012,23rd Ward,"502 E OHIO ST, PITTSBURGH, PA 15212",0023S00169000000,2012-04-04,"$350,000"
2012,24th Ward,"88 WATERFRONT DR, PITTSBURGH, PA 15222",0025A00220000000,2012-08-21,"$1,050,000"
2012,25th Ward,"1501 FEDERAL ST, PITTSBURGH, PA 15212",0023F00378000000,2012-01-17,"$354,013"
2012,26th Ward,"2449 LYZELL ST, PITTSBURGH, PA 15214",0046C00306000000,2012-11-27,"$304,000"
2012,27th Ward,"1221 WOODLAND AVE, PITTSBURGH, PA 15212",0045F00026000000,2012-11-27,"$304,000"
2012,28th Ward,"0 MAZETTE PL, PITTSBURGH, PA 15205",0107C00285000000,2012-11-09,"$860,000"
2012,29th Ward,"1100 BROWNSVILLE RD, PITTSBURGH, PA 15210",0033R00349000000,2012-01-19,"$882,271"
2012,30th Ward,"630 BROWNSVILLE RD, PITTSBURGH, PA 15210",0033G00038000000,2012-03-19,"$240,000"
2012,31st Ward,"4852 MAPLEDALE ST, HOMESTEAD, PA 15120",0134D00150000000,2012-07-30,"$170,000"
2012,32nd Ward,"2409 SAW MILL RUN BLVD, PITTSBURGH, PA 15234",0138B00143000000,2012-06-06,"$345,000"
2013,1st Ward,"131 NEW JERSEY AVE, CLAIRTON, PA 15025",0657K00233000000,2013-05-08,"$61,000"
2013,2nd Ward,"1001 LIBERTY AVE, PITTSBURGH, PA 15222",0009P00050000000,2013-08-09,"$124,400,000"
2013,3rd Ward,"1425 5TH AVE, PITTSBURGH, PA 15219",0002H00072000000,2013-01-10,"$1,375,725"
2013,4th Ward,"4101 BIGELOW BLVD, PITTSBURGH, PA 15213",0027G00320000000,2013-08-19,"$5,200,000"
2013,5th Ward,"4631-4651 CENTRE AVE, PITTSBURGH, PA 15213",0026S00169000000,2013-03-05,"$2,400,000"
2013,6th Ward,"19 35TH ST, PITTSBURGH, PA 15201",0048L00122000000,2013-10-15,"$1,500,000"
2013,7th Ward,"6454 LIVING PL, PITTSBURGH, PA 15206",0084M00130000000,2013-01-22,"$5,428,000"
2013,8th Ward,"251 PEARL ST, PITTSBURGH, PA 15224",0026D00254000000,2013-01-10,"$3,305,342"
2013,9th Ward,"301-375 WINESAP DR, PITTSBURGH, PA 15201",0049C00158000000,2013-05-03,"$650,000"
2013,10th Ward,"6411 BUTLER ST, BLDG A, PITTSBURGH, PA 15201",0120D00080000000,2013-12-20,"$350,000"
2013,11th Ward,"1212 N NEGLEY AVE, PITTSBURGH, PA 15206",0082G00272000000,2013-03-04,"$700,000"
2013,12th Ward,"134 BAKERY SQUARE BLVD, PITTSBURGH, PA 15206",0125J00002000000,2013-12-06,"$21,800,000"
2013,13th Ward,"7800 SUSQUEHANNA ST, PITTSBURGH, PA 15208",0175G00135000000,2013-08-22,"$1,250,000"
2013,14th Ward,"2208-2218 MURRAY AVE, PITTSBURGH, PA 15217",0087C00088000000,2013-07-17,"$2,030,000"
2013,15th Ward,"4152 SALINE ST, PITTSBURGH, PA 15217",0088B00149000000,2013-05-03,"$307,000"
2013,16th Ward,"3045 SARAH ST, PITTSBURGH, PA 15203",0029N00141000000,2013-01-30,"$860,000"
2013,17th Ward,"1712 E CARSON ST, PITTSBURGH, PA 15203",0012E00375000000,2013-12-05,"$2,125,000"
2013,18th Ward,"26 WINDOM HILL PL, PITTSBURGH, PA 15203",0003K00161000500,2013-09-04,"$720,880"
2013,19th Ward,"536 GRANDVIEW AVE, PITTSBURGH, PA 15211",0001N00291000000,2013-12-13,"$800,000"
2013,20th Ward,"1104 CHAPPEL AVE, PITTSBURGH, PA 15216",0035E00350000000,2013-10-01,"$2,200,000"
2013,21st Ward,"1200 WESTERN AVE, PITTSBURGH, PA 15233",0007C00155000000,2013-09-12,"$4,100,000"
2013,22nd Ward,"316-330 NORTH SHORE DR, PITTSBURGH, PA 15212",0008K00015000000,2013-08-01,"$1,100,000"
2013,23rd Ward,"540 E OHIO ST, PITTSBURGH, PA 15212",0024N00104000000,2013-01-09,"$1,425,948"
2013,24th Ward,"700 WATERFRONT DR, PITTSBURGH, PA 15222",0048K00330000000,2013-06-13,"$5,100,000"
2013,25th Ward,"1529 FEDERAL ST, PITTSBURGH, PA 15212",0023F00188000000,2013-04-16,"$525,000"
2013,26th Ward,"225 W BURGESS ST, PITTSBURGH, PA 15214",0046J00305000000,2013-12-03,"$350,000"
2013,27th Ward,"2449-2453 BRIGHTON RD, PITTSBURGH, PA 15212",0045K00239000000,2013-01-31,"$815,000"
2013,28th Ward,"2226 NOBLESTOWN RD, PITTSBURGH, PA 15205",0039G00500000000,2013-03-21,"$700,000"
2013,29th Ward,"2545 BROWNSVILLE RD, PITTSBURGH, PA 15210",0094N00055000000,2013-07-05,"$218,000"
2013,30th Ward,"107 KNOX AVE, PITTSBURGH, PA 15210",0014R00128000000,2013-09-23,"$670,000"
2013,31st Ward,"4451 CASSABILL DR, HOMESTEAD, PA 15120",0134D00032000000,2013-10-29,"$315,000"
2013,32nd Ward,"139 AIDAN CT, PITTSBURGH, PA 15226",0139F00107000000,2013-09-16,"$228,500"
2014,1st Ward,"324 N 4TH ST, CLAIRTON, PA 15025",0764C00178000000,2014-10-28,"$80,000"
2014,2nd Ward,"501 GRANT ST, PITTSBURGH, PA 15219",0002E00184000A00,2014-04-03,"$14,000,000"
2014,3rd Ward,"1800 WEBSTER AVE, PITTSBURGH, PA 15219",0009S00237000000,2014-10-24,"$350,000"
2014,4th Ward,"2000 TECHNOLOGY DR, PITTSBURGH, PA 15219",0011S00048000000,2014-11-25,"$10,224,000"
2014,5th Ward,"321 MELWOOD AVE, PITTSBURGH, PA 15213",0026S00162000000,2014-07-15,"$1,350,000"
2014,6th Ward,"123 36TH ST, PITTSBURGH, PA 15201",0048M00210000000,2014-12-03,"$8,750,000"
2014,7th Ward,"5201 WESTMINSTER PL, PITTSBURGH, PA 15232",0052G00216000000,2014-12-22,"$3,306,550"
2014,8th Ward,"5869 CENTRE AVE, PITTSBURGH, PA 15206",0084E00236000000,2014-06-05,"$1,700,000"
2014,9th Ward,"4411 HOWLEY ST, PITTSBURGH, PA 15224",0049S00021000000,2014-09-02,"$2,250,000"
2014,10th Ward,"60 54TH ST, PITTSBURGH, PA 15201",0119S00280000000,2014-08-28,"$658,000"
2014,11th Ward,"1401-1403 N SAINT CLAIR ST, PITTSBURGH, PA 15206",0082H00071000000,2014-01-22,"$1,150,000"
2014,12th Ward,"0 STRANAHAN ST, PITTSBURGH, PA 15206",0174B00013000000,2014-01-28,"$4,350,000"
2014,13th Ward,"1020-1064 BRUSHTON AVE, PITTSBURGH, PA 15208",0174G00110000000,2014-01-28,"$4,350,000"
2014,14th Ward,"2025 WIGHTMAN ST, PITTSBURGH, PA 15217",0086P00079000000,2014-02-03,"$8,000,000"
2014,15th Ward,"50 VESPUCIUS ST, PITTSBURGH, PA 15207",0057B00350000000,2014-12-19,"$1,180,000"
2014,16th Ward,"2502-2504 E CARSON ST, PITTSBURGH, PA 15203",0012M00018000000,2014-09-02,"$1,295,000"
2014,17th Ward,"1001 MURIEL ST, PITTSBURGH, PA 15203",0003G00295000000,2014-01-16,"$1,150,000"
2014,18th Ward,"890 SAW MILL RUN BLVD, PITTSBURGH, PA 15226",0034G00170000000,2014-02-11,"$1,100,000"
2014,19th Ward,"624 GRANDVIEW AVE, PITTSBURGH, PA 15211",0001J00043000000,2014-07-01,"$1,067,888"
2014,20th Ward,"2501 BANKSVILLE RD, PITTSBURGH, PA 15216",0036S00155000000,2014-05-21,"$3,465,000"
2014,21st Ward,"1220 W NORTH AVE, PITTSBURGH, PA 15233",0022R00257000000,2014-07-14,"$462,500"
2014,22nd Ward,"10 ALLEGHENY CENTER, PITTSBURGH, PA 15212",0008C00128000000,2014-02-28,"$44,925,000"
2014,23rd Ward,"950 PROGRESS ST, PITTSBURGH, PA 15212",0024P00210000000,2014-04-01,"$1,350,000"
2014,24th Ward,"63 WATERFRONT DR, PITTSBURGH, PA 15222",0025A00089000000,2014-08-14,"$635,000"
2014,25th Ward,"1805 BUENA VISTA ST, PITTSBURGH, PA 15212",0022H00092000000,2014-08-08,"$930,000"
2014,26th Ward,"3202 PERRYSVILLE AVE, PITTSBURGH, PA 15214",0077F00019000000,2014-11-24,"$290,000"
2014,27th Ward,"3724 MCCLURE AVE, PITTSBURGH, PA 15212",0114S00077000000,2014-04-25,"$250,000"
2014,28th Ward,"1884 ELMDALE RD, PITTSBURGH, PA 15205",0018E00164000000,2014-01-06,"$229,900"
2014,29th Ward,"2116 BROWNSVILLE RD, PITTSBURGH, PA 15210",0095C00252000000,2014-05-07,"$345,000"
2014,30th Ward,"89 KNOX AVE, PITTSBURGH, PA 15210",0014R00005000000,2014-12-10,"$250,000"
2014,31st Ward,"5800 BUTTERMILK HOLLOW RD, PITTSBURGH, PA 15207",0243B00298000000,2014-01-28,"$425,000"
2014,32nd Ward,"2940 LIBRARY RD, PITTSBURGH, PA 15234",0139R00120000000,2014-12-12,"$1,840,000"
2015,1st Ward,"421 OHIO AVE, CLAIRTON, PA 15025",0657J00190000000,2015-02-13,"$255,000"
2015,2nd Ward,"434 5TH AVE, PITTSBURGH, PA 15219",0002E00053000000,2015-07-08,"$15,000,000"
2015,3rd Ward,"1320 CENTRE AVE, PITTSBURGH, PA 15219",0002G00099000000,2015-08-12,"$16,750,000"
2015,4th Ward,"4205 BIGELOW BLVD, PITTSBURGH, PA 15213",0027L00205000000,2015-08-08,"$851,920"
2015,5th Ward,"0 COLMAR ST, PITTSBURGH, PA 15213",0026G00029000000,2015-09-01,"$5,900,000"
2015,6th Ward,"0 PENN AVE, PITTSBURGH, PA 15201",0025C00226000000,2015-09-25,"$4,700,000"
2015,7th Ward,"618 CLYDE ST, PITTSBURGH, PA 15213",0052E00243000000,2015-08-04,"$2,500,000"
2015,8th Ward,"4815 CENTRE AVE, PITTSBURGH, PA 15213",0051N00223000000,2015-09-11,"$5,100,000"
2015,9th Ward,"4411 HOWLEY ST, PITTSBURGH, PA 15224",0049S00004000000,2015-09-02,"$3,469,133"
2015,10th Ward,"5217 BUTLER ST, PITTSBURGH, PA 15201",0080C00134000000,2015-11-17,"$2,060,000"
2015,11th Ward,"211 N WHITFIELD ST, PITTSBURGH, PA 15206",0083P00241000000,2015-10-28,"$1,900,000"
2015,12th Ward,"6400 HAMILTON AVE, PITTSBURGH, PA 15206",0125E00210000000,2015-08-05,"$1,275,000"
2015,13th Ward,"7130 FRANKSTOWN AVE, PITTSBURGH, PA 15208",0174J00385000000,2015-12-11,"$4,850,000"
2015,14th Ward,"1234 BENNINGTON AVE, PITTSBURGH, PA 15217",0052S00304000000,2015-07-23,"$2,046,000"
2015,15th Ward,"4578-4584 BROWNS HILL RD, PITTSBURGH, PA 15217",0088R00165000000,2015-09-11,"$7,005,000"
2015,16th Ward,"2305-2315 E CARSON ST, PITTSBURGH, PA 15203",0012G00022000000,2015-05-13,"$3,865,770"
2015,17th Ward,"256 S 21ST ST, PITTSBURGH, PA 15203",0012P00095000000,2015-10-29,"$800,000"
2015,18th Ward,"415 BAILEY AVE, PITTSBURGH, PA 15211",0003J00094000000,2015-08-28,"$770,000"
2015,19th Ward,"1306 BROOKLINE BLVD, PITTSBURGH, PA 15226",0096B00262000000,2015-05-04,"$5,018,298"
2015,20th Ward,"40 WABASH ST, PITTSBURGH, PA 15220",0019H00246000000,2015-05-13,"$2,400,000"
2015,21st Ward,"1650 METROPOLITAN ST, PITTSBURGH, PA 15233",0022J00220000000,2015-09-29,"$5,138,277"
2015,22nd Ward,"828 W NORTH AVE, PITTSBURGH, PA 15233",0023N00131000000,2015-01-23,"$1,000,000"
2015,23rd Ward,"808 CEDAR AVE, PITTSBURGH, PA 15212",0023S00261000000,2015-09-30,"$520,000"
2015,24th Ward,"87 WATERFRONT DR, PITTSBURGH, PA 15222",0025A00218000000,2015-09-08,"$790,000"
2015,25th Ward,"802 PENNSYLVANIA AVE, PITTSBURGH, PA 15233",0023J00160000000,2015-10-13,"$1,300,000"
2015,26th Ward,"2403 PERRYSVILLE AVE, PITTSBURGH, PA 15214",0046F00136000000,2015-06-23,"$4,400,000"
2015,27th Ward,"2345 PREBLE AVE, PITTSBURGH, PA 15233",0044S00220000000,2015-01-26,"$2,600,000"
2015,28th Ward,"2250 ROSWELL DR, PITTSBURGH, PA 15205",0107S00300000000,2015-05-12,"$29,000,000"
2015,29th Ward,"2351-2357 BROWNSVILLE RD, PITTSBURGH, PA 15210",0095M00175000000,2015-10-28,"$885,000"
2015,30th Ward,"144-150 BAUSMAN ST, PITTSBURGH, PA 15210",0014R00210000000,2015-04-09,"$125,000"
2015,31st Ward,"4552 MARINA DR, HOMESTEAD, PA 15120",0091R00020000000,2015-04-30,"$320,000"
2015,32nd Ward,"1636 REAMER ST, PITTSBURGH, PA 15226",0096H00021000000,2015-09-30,"$240,000"
2016,1st Ward,"1104 N 6TH ST, CLAIRTON, PA 15025",0657J00392000000,2016-01-15,"$129,900"
2016,2nd Ward,"525 WILLIAM PENN PL, PITTSBURGH, PA 15219",0002E00038000000,2016-08-10,"$67,650,000"
2016,3rd Ward,"335 MILLER ST, PITTSBURGH, PA 15219",0002D00372000000,2016-06-07,"$395,000"
2016,4th Ward,"550 TECHNOLOGY DR, PITTSBURGH, PA 15219",0029A00308000000,2016-11-29,"$10,333,023"
2016,5th Ward,"322 N CRAIG ST, PITTSBURGH, PA 15213",0027D00139000000,2016-09-15,"$1,127,000"
2016,6th Ward,"3901-3935 BUTLER ST, PITTSBURGH, PA 15201",0049E00128000000,2016-09-27,"$5,731,946"
2016,7th Ward,"5504 WALNUT ST, PITTSBURGH, PA 15232",0052D00237000000,2016-10-20,"$4,500,000"
2016,8th Ward,"4724 LIBERTY AVE, PITTSBURGH, PA 15224",0051A00004000000,2016-04-14,"$1,750,000"
2016,9th Ward,"177 40TH ST, PITTSBURGH, PA 15201",0049E00201000000,2016-07-05,"$1,350,000"
2016,10th Ward,"5335 BUTLER ST, PITTSBURGH, PA 15201",0119S00167000000,2016-12-01,"$675,000"
2016,11th Ward,"6314-6434 STATION ST, PITTSBURGH, PA 15206",0084D00150000000,2016-01-15,"$2,030,000"
2016,12th Ward,"16 SILVER LAKE DR, PITTSBURGH, PA 15206",0125C00186000000,2016-03-14,"$2,750,000"
2016,13th Ward,"0 FRANKSTOWN AVE, PITTSBURGH, PA 15235",0231D00002000000,2016-05-18,"$550,000"
2016,14th Ward,"117 WOODLAND RD, PITTSBURGH, PA 15232",0085L00205000000,2016-03-31,"$3,200,000"
2016,15th Ward,"4152 SALINE ST, PITTSBURGH, PA 15217",0088B00149000000,2016-08-15,"$360,000"
2016,16th Ward,"2117 E CARSON ST, PITTSBURGH, PA 15203",0012F00365000000,2016-03-23,"$13,600,000"
2016,17th Ward,"317 E CARSON ST, PITTSBURGH, PA 15219",0003E00150000000,2016-05-02,"$12,500,000"
2016,18th Ward,"0 VINECLIFFE ST, PITTSBURGH, PA 15211",0004C00080000000,2016-03-22,"$3,000,000"
2016,19th Ward,"0 VINECLIFF ST, PITTSBURGH, PA 15211",0004G00235000000,2016-03-22,"$3,000,000"
2016,20th Ward,"2831-2833 BANKSVILLE RD, PITTSBURGH, PA 15216",0036R00060000000,2016-10-31,"$7,199,000"
2016,21st Ward,"1533 METROPOLITAN ST, PITTSBURGH, PA 15233",0022N00201000000,2016-07-01,"$621,500"
2016,22nd Ward,"106 ISABELLA ST, PITTSBURGH, PA 15212",0008H00240000000,2016-07-27,"$5,902,000"
2016,23rd Ward,"807 EAST ST, PITTSBURGH, PA 15212",0024J00092000000,2016-10-14,"$730,000"
2016,24th Ward,"1400 TROY HILL RD, PITTSBURGH, PA 15212",0024D00215000000,2016-06-22,"$2,000,000"
2016,25th Ward,"1408 ARCH ST, PITTSBURGH, PA 15212",0023F00409000000,2016-01-22,"$545,000"
2016,26th Ward,"3862 EAST ST, PITTSBURGH, PA 15214",0115H00009000000,2016-11-25,"$275,000"
2016,27th Ward,"3622-3624 CALIFORNIA AVE, PITTSBURGH, PA 15212",0075C00011000000,2016-10-31,"$862,000"
2016,28th Ward,"1046 ALCON ST, PITTSBURGH, PA 15220",0018F00080000000,2016-02-23,"$1,803,000"
2016,29th Ward,"2417 BROWNSVILLE RD, PITTSBURGH, PA 15210",0094J00196000000,2016-02-13,"$350,000"
2016,30th Ward,"910 BROWNSVILLE RD, PITTSBURGH, PA 15210",0033K00197000000,2016-08-03,"$205,000"
2016,31st Ward,"0 BECKS RUN RD, PITTSBURGH, PA 15207",0031G00200000000,2016-06-23,"$4,871,026"
2016,32nd Ward,"2840 LIBRARY RD, PITTSBURGH, PA 15234",0139R00108000000,2016-04-26,"$485,000"
2017,1st Ward,"551 N STATE ST, CLAIRTON, PA 15025",0657K00319000000,2017-12-27,"$350,000"
2017,2nd Ward,"320 FORT DUQUESNE BLVD, UNIT 14 N, PITTSBURGH, PA 15222",0001C01662N01400,2017-06-19,"$10,662,000"
2017,3rd Ward,"112 WASHINGTON PL, PITTSBURGH, PA 15219",0002F00166000000,2017-01-20,"$8,000,000"
2017,4th Ward,"3619-3621 FORBES AVE, PITTSBURGH, PA 15213",0028B00142000000,2017-02-09,"$7,150,000"
2017,5th Ward,"2561-2563 ALLEQUIPPA ST, PITTSBURGH, PA 15213",0011D00180000000,2017-08-09,"$2,025,000"
2017,6th Ward,"45-77 31ST ST, PITTSBURGH, PA 15201",0025C00040000000,2017-10-20,"$14,000,000"
2017,7th Ward,"826 AMBERSON AVE, PITTSBURGH, PA 15232",0052G00065000000,2017-07-06,"$1,900,000"
2017,8th Ward,"5916-5918 PENN AVE, PITTSBURGH, PA 15206",0084B00154000000,2017-12-19,"$3,500,000"
2017,9th Ward,"4518 PENN AVE, PITTSBURGH, PA 15224",0049M00146000000,2017-12-29,"$1,800,000"
2017,10th Ward,"450 56TH ST, PITTSBURGH, PA 15201",0120N00120000000,2017-10-10,"$4,490,000"
2017,11th Ward,"5910 ELGIN ST, PITTSBURGH, PA 15206",0082M00089000000,2017-04-11,"$720,000"
2017,12th Ward,"1028 FREEPORT RD, PITTSBURGH, PA 15238",0171H00185000000,2017-02-03,"$1,400,000"
2017,13th Ward,"8184 FRANKSTOWN AVE, PITTSBURGH, PA 15221",0231N00017000000,2017-08-25,"$1,846,748"
2017,14th Ward,"5429 DUNMOYLE ST, PITTSBURGH, PA 15217",0052M00200000000,2017-06-21,"$5,000,000"
2017,15th Ward,"4664 BROWNS HILL RD, PITTSBURGH, PA 15217",0088R00110000000,2017-07-06,"$3,571,428"
2017,16th Ward,"89-95 S 22ND ST, PITTSBURGH, PA 15203",0012L00002000000,2017-05-17,"$975,000"
2017,17th Ward,"1700 E CARSON ST, PITTSBURGH, PA 15203",0012E00380000000,2017-11-10,"$2,459,700"
2017,18th Ward,"207 BAILEY AVE, PITTSBURGH, PA 15211",0004M00156000000,2017-01-05,"$2,126,235"
2017,19th Ward,"873 BOGGS AVE, PITTSBURGH, PA 15211",0015J00130000000,2017-10-12,"$2,848,000"
2017,20th Ward,"2928 SHERADEN BLVD, PITTSBURGH, PA 15204",0042R00312000000,2017-08-25,"$1,657,657"
2017,21st Ward,"1006 LAMONT ST, PITTSBURGH, PA 15212",0022G00057000000,2017-12-22,"$3,240,000"
2017,22nd Ward,"490 E NORTH AVE, PITTSBURGH, PA 15212",0023M00002000000,2017-10-30,"$6,750,000"
2017,23rd Ward,"820 CEDAR AVE, PITTSBURGH, PA 15212",0023S00270000000,2017-08-04,"$515,000"
2017,24th Ward,"1104 BRABEC ST, PITTSBURGH, PA 15212",0024F00351000000,2017-05-25,"$2,220,613"
2017,25th Ward,"1615 BRIGHTON PL, PITTSBURGH, PA 15212",0022H00226000000,2017-12-22,"$3,240,000"
2017,26th Ward,"0 DORNESTIC ST, PITTSBURGH, PA 15214",0115B00006000000,2017-05-25,"$2,220,613"
2017,27th Ward,"3210 BRIGHTON RD, PITTSBURGH, PA 15212",0076J00191000000,2017-11-16,"$2,750,000"
2017,28th Ward,"8 OAKMONT ST, PITTSBURGH, PA 15205",0040G00191000000,2017-05-25,"$2,220,613"
2017,29th Ward,"2012 WALTON AVE, PITTSBURGH, PA 15210",0095B00057000000,2017-05-25,"$2,220,613"
2017,30th Ward,"206 WILBUR ST, PITTSBURGH, PA 15210",0033K00064000000,2017-05-25,"$931,685"
2017,31st Ward,"1063 MULDOWNEY AVE, PITTSBURGH, PA 15207",0185M00152000000,2017-05-25,"$2,220,613"
2017,32nd Ward,"738 ESTHER ST, PITTSBURGH, PA 15227",0138B00243000000,2017-05-25,"$2,220,613"
2018,1st Ward,"0 N STATE ST, CLAIRTON, PA 15025",0657S00020000000,2018-10-19,"$250,000"
2018,2nd Ward,"601 GRANT ST, PITTSBURGH, PA 15219",0002A00308000000,2018-06-20,"$10,100,000"
2018,3rd Ward,"0 CRAWFORD ST, PITTSBURGH, PA 15219",0002D00167000000,2018-05-24,"$20,180,000"
2018,4th Ward,"3864 2ND AVE, PITTSBURGH, PA 15213",0029G00092000000,2018-12-28,"$38,500,000"
2018,5th Ward,"496 MELWOOD AVE, PITTSBURGH, PA 15213",0026M00025000000,2018-12-21,"$3,562,500"
2018,6th Ward,"2807-2819 PENN AVE, PITTSBURGH, PA 15222",0025K00205000000,2018-06-29,"$1,501,475"
2018,7th Ward,"4705 5TH AVE, PITTSBURGH, PA 15213",0052J00060000000,2018-10-29,"$16,983,000"
2018,8th Ward,"5051 CENTRE AVE, PITTSBURGH, PA 15213",0051P00013000000,2018-11-28,"$18,000,000"
2018,9th Ward,"4637 PLUMMER ST, PITTSBURGH, PA 15201",0080K00243000B00,2018-06-06,"$1,150,000"
2018,10th Ward,"5601-5607 BUTLER ST, PITTSBURGH, PA 15201",0120J00090000000,2018-03-07,"$1,055,000"
2018,11th Ward,"6231 PENN AVE, PITTSBURGH, PA 15206",0084C00100000000,2018-06-04,"$31,037,000"
2018,12th Ward,"525-529 LARIMER AVE, PITTSBURGH, PA 15206",0124J00226000000,2018-01-10,"$740,000"
2018,13th Ward,"0 SUSQUEHANNA ST, PITTSBURGH, PA 15208",0175B00282000000,2018-09-28,"$170,000"
2018,14th Ward,"116 WOODLAND RD, PITTSBURGH, PA 15232",0085L00103000000,2018-04-25,"$2,718,533"
2018,15th Ward,"4353 MURRAY AVE, PITTSBURGH, PA 15217",0088F00044000000,2018-08-30,"$670,000"
2018,16th Ward,"2112 SIDNEY ST, PITTSBURGH, PA 15203",0012F00309000000,2018-04-12,"$6,100,000"
2018,17th Ward,"1321-1327 E CARSON ST, PITTSBURGH, PA 15203",0003H00137000000,2018-11-30,"$1,100,000"
2018,18th Ward,"880 SAW MILL RUN BLVD, PITTSBURGH, PA 15226",0034G00185000000,2018-04-27,"$1,700,000"
2018,19th Ward,"1700 WEST LIBERTY AVE, PITTSBURGH, PA 15226",0035M00174000000,2018-07-31,"$4,000,000"
2018,20th Ward,"1211 CHARTIERS AVE, PITTSBURGH, PA 15220",0020P00152000000,2018-03-13,"$1,887,000"
2018,21st Ward,"1214 LIVERPOOL ST, PITTSBURGH, PA 15233",0022L00256000000,2018-07-25,"$3,000,000"
2018,22nd Ward,"841 N LINCOLN AVE, PITTSBURGH, PA 15233",0008A00125000000,2018-10-04,"$840,000"
2018,23rd Ward,"1075 PROGRESS ST, PITTSBURGH, PA 15212",0024R00004000000,2018-03-30,"$1,604,000"
2018,24th Ward,"1274-1296 HIGH ST, PITTSBURGH, PA 15212",0024C00129000000,2018-05-15,"$900,000"
2018,25th Ward,"357 HEMLOCK ST, PITTSBURGH, PA 15212",0023H00247000A00,2018-12-21,"$39,000,000"
2018,26th Ward,"2858 PERRYSVILLE AVE, PITTSBURGH, PA 15214",0077K00327000000,2018-07-16,"$299,000"
2018,27th Ward,"2345 PREBLE AVE, PITTSBURGH, PA 15233",0044S00220000000,2018-08-13,"$3,500,000"
2018,28th Ward,"2260-2270 ROSWELL DR, PITTSBURGH, PA 15205",0070N00120000002,2018-03-12,"$1,700,000"
2018,29th Ward,"2116 BROWNSVILLE RD, PITTSBURGH, PA 15210",0095C00252000000,2018-01-05,"$613,010"
2018,30th Ward,"323 REIFERT ST, PITTSBURGH, PA 15210",0033F00273000000,2018-02-06,"$325,000"
2018,31st Ward,"4469 CASSABILL DR, HOMESTEAD, PA 15120",0134D00026000000,2018-09-22,"$349,000"
2018,32nd Ward,"1953 ALTMAR ST, PITTSBURGH, PA 15226",0096D00262000000,2018-08-09,"$825,294"
2019,1st Ward,"1019-1037 N 6TH ST, CLAIRTON, PA 15025",0658M00315000000,2019-12-12,"$210,000"
2019,2nd Ward,"1606-1660 SMALLMAN ST, PITTSBURGH, PA 15222",0009G00080000000,2019-02-25,"$10,500,000"
2019,3rd Ward,"1901 CENTRE AVE, PITTSBURGH, PA 15219",0010N00240000000,2019-06-27,"$2,040,000"
2019,4th Ward,"3000 TECHNOLOGY DR, PITTSBURGH, PA 15219",0011S00062000000,2019-06-28,"$6,600,000"
2019,5th Ward,"3890 BIGELOW BLVD, PITTSBURGH, PA 15213",0026R00154000000,2019-06-21,"$6,940,000"
2019,6th Ward,"2859-2875 RAILROAD ST, PITTSBURGH, PA 15222",0025F00290000000,2019-07-25,"$3,725,142"
2019,7th Ward,"513 N NEVILLE ST, PITTSBURGH, PA 15213",0052E00105000000,2019-11-21,"$3,189,000"
2019,8th Ward,"5250 LIBERTY AVE, PITTSBURGH, PA 15224",0051L00270000000,2019-04-22,"$50,508,000"
2019,9th Ward,"4406 CESSNA WAY, PITTSBURGH, PA 15201",0049B00217000000,2019-05-22,"$1,245,500"
2019,10th Ward,"5229 NATRONA WAY, PITTSBURGH, PA 15201",0080D00122000000,2019-07-15,"$1,350,000"
2019,11th Ward,"0 PENN AVE, PITTSBURGH, PA 15206",0084H00160000000,2019-08-28,"$6,550,000"
2019,12th Ward,"6515 PENN AVE, PITTSBURGH, PA 15206",0125J00037000000,2019-09-26,"$12,375,000"
2019,13th Ward,"566 BRUSHTON AVE, PITTSBURGH, PA 15208",0175C00264000000,2019-07-02,"$375,000"
2019,14th Ward,"2609 MURRAY AVE, PITTSBURGH, PA 15217",0087G0006600CU00,2019-09-27,"$3,677,715"
2019,15th Ward,"52 GARETTA ST, PITTSBURGH, PA 15217",0089C00045000000,2019-04-18,"$3,748,324"
2019,16th Ward,"100 S 22ND ST, PITTSBURGH, PA 15203",0012K00055000100,2019-01-23,"$1,050,000"
2019,17th Ward,"24 S 18TH ST, PITTSBURGH, PA 15203",0012A00080000000,2019-12-23,"$1,100,000"
2019,18th Ward,"300 BIGBEE ST, PITTSBURGH, PA 15211",0004M00174030000,2019-06-13,"$820,000"
2019,19th Ward,"1343-1347 WEST LIBERTY AVE, PITTSBURGH, PA 15226",0034E00178000000,2019-01-16,"$2,060,000"
2019,20th Ward,"718 BUCYRUS ST, PITTSBURGH, PA 15220",0020R00005000000,2019-01-04,"$1,015,000"
2019,21st Ward,"1200 KUNKLE AVE, PITTSBURGH, PA 15212",0022C00072000000,2019-08-26,"$7,744,568"
2019,22nd Ward,"100 S COMMONS, PITTSBURGH, PA 15212",0008C00236000300,2019-06-03,"$2,750,000"
2019,23rd Ward,"810 RIVER AVE, PITTSBURGH, PA 15212",0009A00155000000,2019-12-03,"$5,690,000"
2019,24th Ward,"74 WATERFRONT DR, PITTSBURGH, PA 15222",0025A00113000000,2019-08-22,"$759,150"
2019,25th Ward,"841-845 KIRKBRIDE ST, PITTSBURGH, PA 15212",0022H00035000000,2019-08-26,"$7,744,568"
2019,26th Ward,"32 STRAUSS ST, PITTSBURGH, PA 15214",0045S00406000000,2019-08-26,"$7,744,568"
2019,27th Ward,"1 BRUNOTS IS, PITTSBURGH, PA 15233",0021L00001000000,2019-07-24,"$3,900,000"
2019,28th Ward,"3377 W PROSPECT AVE, PITTSBURGH, PA 15205",0070J00131000000,2019-01-04,"$1,015,000"
2019,29th Ward,"2417 BROWNSVILLE RD, PITTSBURGH, PA 15210",0094J00196000000,2019-11-26,"$525,000"
2019,30th Ward,"323 MCKINLEY ST, PITTSBURGH, PA 15210",0033F00335000000,2019-02-20,"$442,000"
2019,31st Ward,"4481 CASSABILL DR, HOMESTEAD, PA 15120",0134D00022000000,2019-06-28,"$369,375"
2019,32nd Ward,"2506 KINGWOOD ST, PITTSBURGH, PA 15234",0138E00136000000,2019-09-26,"$250,500"
2020,1st Ward,"0 CARNEGIE AVE, CLAIRTON, PA 15025",0657K00299000000,2020-09-18,"$1,250,000"
2020,2nd Ward,"2645 RAILROAD ST, PITTSBURGH, PA 15222",0025J00102000000,2020-05-18,"$27,072,000"
2020,3rd Ward,"1225 5TH AVE, PITTSBURGH, PA 15219",0002G00059000000,2020-12-29,"$1,500,000"
2020,4th Ward,"4201 BIGELOW BLVD, PITTSBURGH, PA 15213",0027L00256000000,2020-03-27,"$4,950,000"
2020,5th Ward,"10 TURRENTINE PL, PITTSBURGH, PA 15213",0010S00072000000,2020-02-12,"$3,200,000"
2020,6th Ward,"0 LIBERTY AVE, PITTSBURGH, PA 15201",0025D00289000100,2020-01-15,"$5,000,000"
2020,7th Ward,"255-259 SHADY AVE, PITTSBURGH, PA 15206",0084G00241000000,2020-05-15,"$3,800,000"
2020,8th Ward,"5809-5821 CENTRE AVE, PITTSBURGH, PA 15206",0084E00262000000,2020-09-28,"$3,786,000"
2020,9th Ward,"234 ELLA ST, PITTSBURGH, PA 15224",0049S00137000000,2020-01-15,"$5,780,040"
2020,10th Ward,"118-160 52ND ST, PITTSBURGH, PA 15201",0080C00325000000,2020-01-16,"$2,030,000"
2020,11th Ward,"6343 PENN AVE, PITTSBURGH, PA 15206",0084H00135000000,2020-05-27,"$23,612,625"
2020,12th Ward,"6401 PENN AVE, PITTSBURGH, PA 15206",0084H00174000000,2020-05-27,"$23,612,625"
2020,13th Ward,"7119 HAMILTON AVE, PITTSBURGH, PA 15208",0174J00036000000,2020-10-17,"$740,000"
2020,14th Ward,"2306 MURRAY AVE, PITTSBURGH, PA 15217",0087C00093000000,2020-04-29,"$3,474,896"
2020,15th Ward,"3611 BEECHWOOD BLVD, PITTSBURGH, PA 15217",0087P00091000000,2020-04-29,"$3,474,896"
2020,16th Ward,"2400 E CARSON ST, PITTSBURGH, PA 15203",0012L00263000002,2020-12-28,"$1,700,000"
2020,17th Ward,"1911 JANE ST, PITTSBURGH, PA 15203",0012J00423000000,2020-04-29,"$3,474,896"
2020,18th Ward,"126 CRAIGHEAD ST, PITTSBURGH, PA 15211",0014A00091000000,2020-06-30,"$917,500"
2020,19th Ward,"0 SAW MILL RUN BLVD, PITTSBURGH, PA 15220",0005S00225000000,2020-11-04,"$4,300,000"
2020,20th Ward,"1620-1660 SAW MILL RUN BLVD, PITTSBURGH, PA 15220",0016D00200000000,2020-11-04,"$4,300,000"
2020,21st Ward,"1018 WESTERN AVE, PITTSBURGH, PA 15233",0007D00310000000,2020-03-13,"$5,070,000"
2020,22nd Ward,"228 ISABELLA ST, PITTSBURGH, PA 15212",0008H00260000000,2020-04-10,"$5,505,900"
2020,23rd Ward,"1212 MADISON AVE, PITTSBURGH, PA 15212",0024E00176000000,2020-01-06,"$950,000"
2020,24th Ward,"65 WATERFRONT DR, PITTSBURGH, PA 15222",0025A00125000000,2020-11-12,"$750,000"
2020,25th Ward,"521 W JEFFERSON ST, PITTSBURGH, PA 15212",0023E00141000000,2020-09-25,"$600,000"
2020,26th Ward,"227 BONVUE ST, PITTSBURGH, PA 15214",0116A00152000000,2020-12-30,"$584,800"
2020,27th Ward,"1461 BENTON AVE, PITTSBURGH, PA 15212",0114R00040000000,2020-08-21,"$370,000"
2020,28th Ward,"2212 NOBLESTOWN RD, PITTSBURGH, PA 15205",0039G00405000000,2020-01-30,"$600,000"
2020,29th Ward,"2116 BROWNSVILLE RD, PITTSBURGH, PA 15210",0095C00252000000,2020-02-18,"$2,345,000"
2020,30th Ward,"208 ALICE ST, PITTSBURGH, PA 15210",0033F00367000000,2020-10-02,"$275,000"
2020,31st Ward,"4553 MARINA DR, HOMESTEAD, PA 15120",0091R00064000000,2020-11-12,"$390,000"
2020,32nd Ward,"106 AIDAN CT, PITTSBURGH, PA 15226",0139F00141000000,2020-07-07,"$341,000"
2021,1st Ward,"725 N STATE ST, CLAIRTON, PA 15025",0657K00247000000,2021-04-13,"$380,000"
2021,2nd Ward,"620 WILLIAM PENN PL, PITTSBURGH, PA 15219",0002A00256000000,2021-12-10,"$55,650,000"
2021,3rd Ward,"1655 5TH AVE, PITTSBURGH, PA 15219",0011E00044000000,2021-01-14,"$15,000,000"
2021,4th Ward,"3360-3396 5TH AVE, PITTSBURGH, PA 15213",0028E00019000000,2021-12-23,"$17,224,113"
2021,5th Ward,"419 MELWOOD AVE, PITTSBURGH, PA 15213",0026S00135000000,2021-05-03,"$1,685,000"
2021,6th Ward,"2736 PENN AVE, PITTSBURGH, PA 15222",0025K00246000000,2021-09-21,"$5,800,000"
2021,7th Ward,"520 IVY ST, PITTSBURGH, PA 15232",0051S00084000000,2021-09-22,"$4,240,792"
2021,8th Ward,"5308-5310 LIBERTY AVE, PITTSBURGH, PA 15224",0051L00088000000,2021-07-06,"$20,500,000"
2021,9th Ward,"4010 PENN AVE, PITTSBURGH, PA 15224",0049L00359000000,2021-10-01,"$19,192,478"
2021,10th Ward,"5138 DEARBORN ST, PITTSBURGH, PA 15224",0050K00254000000,2021-09-22,"$4,240,792"
2021,11th Ward,"5912 BRYANT ST, PITTSBURGH, PA 15206",0082M00176000000,2021-09-22,"$4,240,792"
2021,12th Ward,"6680 FRANKSTOWN AVE, PITTSBURGH, PA 15206",0125F00224000000,2021-10-01,"$19,192,478"
2021,13th Ward,"2232 PARK HILL DR, PITTSBURGH, PA 15221",0231R00076000000,2021-12-20,"$640,000"
2021,14th Ward,"582 PEEBLES ST, PITTSBURGH, PA 15221",0176F00019000000,2021-09-22,"$4,240,792"
2021,15th Ward,"4664 BROWNS HILL RD, PITTSBURGH, PA 15217",0088R00110000000,2021-08-20,"$3,888,000"
2021,16th Ward,"3840-3846 SOUTH WATER ST, PITTSBURGH, PA 15203",0030L00096000000,2021-08-18,"$8,900,000"
2021,17th Ward,"134 S 7TH ST, PITTSBURGH, PA 15203",0003K00300000000,2021-10-05,"$12,500,000"
2021,18th Ward,"421 BAILEY AVE, PITTSBURGH, PA 15211",0003J00100000000,2021-10-28,"$1,200,000"
2021,19th Ward,"1635 W CARSON ST, PITTSBURGH, PA 15219",0006C00030000000,2021-12-27,"$1,750,000"
2021,20th Ward,"2644 BANKSVILLE AVE, PITTSBURGH, PA 15216",0036S00006000000,2021-02-03,"$1,578,750"
2021,21st Ward,"1118 MORRISON ST, PITTSBURGH, PA 15212",0022C00088000000,2021-12-01,"$4,615,607"
2021,22nd Ward,"255 E OHIO ST, PITTSBURGH, PA 15212",0008D00050000000,2021-12-10,"$18,396,000"
2021,23rd Ward,"1075 PROGRESS ST, PITTSBURGH, PA 15212",0024R00004000000,2021-12-22,"$5,375,000"
2021,24th Ward,"1966-1968 STRAUBS LN, PITTSBURGH, PA 15212",0048E00195000000,2021-08-19,"$862,000"
2021,25th Ward,"845-853 BRIGHTRIDGE ST, PITTSBURGH, PA 15214",0022D00199000000,2021-12-01,"$4,615,607"
2021,26th Ward,"2170 RHINE ST, PITTSBURGH, PA 15212",0047F00195000000,2021-07-01,"$6,100,000"
2021,27th Ward,"2840-2920 NEW BEAVER AVE, PITTSBURGH, PA 15233",0044C00100000000,2021-05-07,"$41,750,000"
2021,28th Ward,"2124 MAZETTE PL, PITTSBURGH, PA 15205",0107M00049000000,2021-12-20,"$1,150,000"
2021,29th Ward,"136 DUFFLAND ST, PITTSBURGH, PA 15210",0095H00228000000,2021-05-26,"$560,000"
2021,30th Ward,"238 ZARA ST, PITTSBURGH, PA 15210",0014P00090000000,2021-12-20,"$1,150,000"
2021,31st Ward,"5800 BUTTERMILK HOLLOW RD, PITTSBURGH, PA 15207",0243B00298000000,2021-07-16,"$1,933,648"
2021,32nd Ward,"2409 SAW MILL RUN BLVD, PITTSBURGH, PA 15234",0138B00143000000,2021-09-13,"$750,000"
2022,1st Ward,"122 DIVISION AVE, CLAIRTON, PA 15025",0764C00268000000,2022-08-10,"$235,000"
2022,2nd Ward,"1108-1126 SMALLMAN ST, PITTSBURGH, PA 15222",0009K00142000000,2022-10-21,"$23,600,000"
2022,3rd Ward,"112 WASHINGTON PL, PITTSBURGH, PA 15219",0002F00165000000,2022-12-06,"$389,998"
2022,4th Ward,"246 MCKEE PL, PITTSBURGH, PA 15213",0028F00308000000,2022-02-28,"$4,000,000"
2022,5th Ward,"3896 BIGELOW BLVD, PITTSBURGH, PA 15213",0026R00152000100,2022-05-12,"$31,850,000"
2022,6th Ward,"102 30TH ST, PITTSBURGH, PA 15201",0025F00110000000,2022-05-11,"$3,415,000"
2022,7th Ward,"905 MARYLAND AVE, PITTSBURGH, PA 15232",0085B00234000000,2022-06-01,"$2,906,341"
2022,8th Ward,"4923 CENTRE AVE, PITTSBURGH, PA 15213",0051N00241000000,2022-04-08,"$3,812,594"
2022,9th Ward,"145 46TH ST, PITTSBURGH, PA 15201",0080P00266000000,2022-05-04,"$1,200,000"
2022,10th Ward,"437-439 PACIFIC AVE, MC KEESPORT, PA 15132",0308K00176000000,2022-06-27,"$3,475,000"
2022,11th Ward,"5707 PENN AVE, PITTSBURGH, PA 15206",0083P00370000000,2022-07-05,"$2,100,000"
2022,12th Ward,"134 BAKERY SQUARE BLVD, PITTSBURGH, PA 15206",0125J00002000000,2022-07-11,"$19,455,223"
2022,13th Ward,"2100-2102 PARK HILL DR, PITTSBURGH, PA 15221",0231R00060000000,2022-12-13,"$9,500,000"
2022,14th Ward,"1130 SHADY AVE, PITTSBURGH, PA 15232",0085G00090000000,2022-12-03,"$3,735,000"
2022,15th Ward,"4656 BROWNS HILL RD, PITTSBURGH, PA 15217",0088R00185000000,2022-11-29,"$3,500,000"
2022,16th Ward,"2635 E CARSON ST, PITTSBURGH, PA 15203",0012M00330000300,2022-06-29,"$13,600,000"
2022,17th Ward,"10 BEDFORD SQ, PITTSBURGH, PA 15203",0003H00184000000,2022-06-03,"$1,515,000"
2022,18th Ward,"427 BAILEY AVE, PITTSBURGH, PA 15211",0003J00106000000,2022-04-25,"$1,400,000"
2022,19th Ward,"2903 SUSSEX AVE, PITTSBURGH, PA 15226",0097S00047000000,2022-06-27,"$3,475,000"
2022,20th Ward,"2501 BANKSVILLE RD, PITTSBURGH, PA 15216",0036S00155000000,2022-01-28,"$4,400,000"
2022,21st Ward,"1135 SHEFFIELD ST, PITTSBURGH, PA 15233",0022R00216000000,2022-04-26,"$600,000"
2022,22nd Ward,"1205-1231 FEDERAL ST, PITTSBURGH, PA 15212",0023L00060000000,2022-07-29,"$82,000,000"
2022,23rd Ward,"1020-1260 RIVER AVE, PITTSBURGH, PA 15212",0024L00130000000,2022-07-25,"$15,000,000"
2022,24th Ward,"1470 RIVER AVE, PITTSBURGH, PA 15212",0024L00092000000,2022-07-25,"$15,000,000"
2022,25th Ward,"1529 FEDERAL ST, PITTSBURGH, PA 15212",0023F00188000000,2022-02-25,"$900,000"
2022,26th Ward,"61 RIVERVIEW AVE, PITTSBURGH, PA 15214",0115S00094000000,2022-07-29,"$590,000"
2022,27th Ward,"3505 MEXICO ST, PITTSBURGH, PA 15212",0075F00077000000,2022-11-18,"$4,232,219"
2022,28th Ward,"106 BERRY ST, PITTSBURGH, PA 15205",0070H00250000000,2022-11-22,"$1,195,000"
2022,29th Ward,"419-421 OLIVET AVE, PITTSBURGH, PA 15210",0095R00142000000,2022-06-27,"$3,475,000"
2022,30th Ward,"304 BAUSMAN ST, PITTSBURGH, PA 15210",0014P00248000000,2022-08-22,"$270,000"
2022,31st Ward,"4469 CASSABILL DR, HOMESTEAD, PA 15120",0134D00026000000,2022-09-23,"$413,340"
2022,32nd Ward,"1531 SAW MILL RUN BLVD, PITTSBURGH, PA 15210",0061H00347000000,2022-03-04,"$900,000"
2023,1st Ward,"392 NEW YORK AVE, CLAIRTON, PA 15025",0657N00116000000,2023-07-24,"$479,412"
2023,2nd Ward,"1464-1468 SMALLMAN ST, PITTSBURGH, PA 15222",0009G00013000000,2023-06-28,"$3,150,000"
2023,3rd Ward,"112 WASHINGTON PL, PITTSBURGH, PA 15219",0002F00166000000,2023-10-02,"$7,000,000"
2023,4th Ward,"4400 CENTRE AVE, PITTSBURGH, PA 15213",0027D00033000000,2023-02-23,"$27,450,000"
2023,5th Ward,"4357 SCHENLEY FARMS TER, PITTSBURGH, PA 15213",0027C00200000000,2023-10-06,"$829,000"
2023,6th Ward,"2701 SMALLMAN ST, PITTSBURGH, PA 15222",0025K00036000000,2023-12-27,"$2,475,000"
2023,7th Ward,"5131 PEMBROKE PL, PITTSBURGH, PA 15232",0052G00320000000,2023-03-27,"$2,962,050"
2023,8th Ward,"290 S EUCLID AVE, PITTSBURGH, PA 15206",0084E00094000000,2023-03-03,"$1,480,000"
2023,9th Ward,"330 46TH ST, PITTSBURGH, PA 15201",0049C00113000000,2023-08-02,"$4,000,000"
2023,10th Ward,"519 54TH ST, PITTSBURGH, PA 15201",0081A00145000000,2023-12-29,"$1,150,000"
2023,11th Ward,"0 RIPPEY ST, PITTSBURGH, PA 15206",0083R00327000000,2023-07-31,"$1,461,418"
2023,12th Ward,"1419 OAKDENE ST, PITTSBURGH, PA 15206",0173P00049000000,2023-07-28,"$2,423,512"
2023,13th Ward,"7301 HAMILTON AVE, PITTSBURGH, PA 15208",0174P00198000000,2023-10-11,"$1,200,000"
2023,14th Ward,"1411 INVERNESS AVE, PITTSBURGH, PA 15217",0086A00272000000,2023-12-11,"$2,550,000"
2023,15th Ward,"46 BEEHIVE ST, PITTSBURGH, PA 15207",0056E00012000000,2023-11-29,"$3,600,000"
2023,16th Ward,"215 S 21ST ST, PITTSBURGH, PA 15203",0012P00190000000,2023-11-03,"$9,355,000"
2023,17th Ward,"930 E CARSON ST, PITTSBURGH, PA 15203",0003L00296000000,2023-11-01,"$14,000,000"
2023,18th Ward,"436 KINGSBORO ST, PITTSBURGH, PA 15211",0014A00076000000,2023-07-28,"$2,423,512"
2023,19th Ward,"42-44 WYOMING ST, PITTSBURGH, PA 15211",0004G00095000000,2023-10-05,"$6,690,000"
2023,20th Ward,"910 SAW MILL RUN BLVD, PITTSBURGH, PA 15220",0005L00191000000,2023-05-05,"$2,300,000"
2023,21st Ward,"1301 BEAVER AVE, PITTSBURGH, PA 15233",0007A00028000000,2023-08-29,"$3,550,000"
2023,22nd Ward,"424-430 W GENERAL ROBINSON ST, PITTSBURGH, PA 15212",0008G00082000000,2023-06-23,"$6,320,580"
2023,23rd Ward,"0 S CANAL ST, PITTSBURGH, PA 15212",0024P00185000000,2023-05-17,"$5,205,400"
2023,24th Ward,"73 WATERFRONT DR, PITTSBURGH, PA 15222",0025A00109000000,2023-06-12,"$820,000"
2023,25th Ward,"1519 BUENA VISTA ST, PITTSBURGH, PA 15212",0023J00031000000,2023-06-28,"$763,000"
2023,26th Ward,"3224 PERRYSVILLE AVE, PITTSBURGH, PA 15214",0077F00002000000,2023-06-23,"$575,000"
2023,27th Ward,"3250-3272 CALIFORNIA AVE, PITTSBURGH, PA 15212",0075L00140000000,2023-01-25,"$550,000"
2023,28th Ward,"2 OGDEN ST, CARNEGIE, PA 15106",0067L00198000000,2023-07-28,"$2,423,512"
2023,29th Ward,"2282 ALMONT ST, PITTSBURGH, PA 15210",0095L00189000000,2023-07-28,"$2,423,512"
2023,30th Ward,"302 ZARA ST, PITTSBURGH, PA 15210",0014P00077000000,2023-07-31,"$2,350,000"
2023,31st Ward,"4696 MARINA DR, HOMESTEAD, PA 15120",0091L00250000000,2023-09-28,"$358,000"
2023,32nd Ward,"1797 EBEN ST, PITTSBURGH, PA 15226",0139C00356000000,2023-10-19,"$437,000"
2024,1st Ward,"113 CARNEGIE AVE, CLAIRTON, PA 15025",0657P00270000000,2024-01-17,"$3,442,531"
2024,2nd Ward,"550 MARKET ST, UNIT 22B, PITTSBURGH, PA 15222",0001D00173002200,2024-04-13,"$3,862,000"
2024,3rd Ward,"1738 REED ST, PITTSBURGH, PA 15219",0011E00324000000,2024-01-29,"$661,940"
2024,4th Ward,"4215 5TH AVE, PITTSBURGH, PA 15213",0027R00138000000,2024-06-14,"$32,382,385"
2024,5th Ward,"321 MELWOOD AVE, PITTSBURGH, PA 15213",0026S00162000000,2024-12-19,"$3,359,000"
2024,6th Ward,"3811 BUTLER ST, PITTSBURGH, PA 15201",0049E00079000000,2024-08-29,"$1,383,000"
2024,7th Ward,"354 LEHIGH AVE, PITTSBURGH, PA 15232",0084K00160000200,2024-12-22,"$10,850,000"
2024,8th Ward,"5869 CENTRE AVE, PITTSBURGH, PA 15206",0084E00236000000,2024-10-17,"$4,800,000"
2024,9th Ward,"4126-4130 BUTLER ST, PITTSBURGH, PA 15201",0049B00244000000,2024-05-23,"$2,000,000"
2024,10th Ward,"5231 PENN AVE, PITTSBURGH, PA 15224",0050L00306000000,2024-02-02,"$3,950,000"
2024,11th Ward,"5601 PENN AVE, PITTSBURGH, PA 15206",0083N00124000000,2024-11-25,"$7,900,000"
2024,12th Ward,"6223 MEADOW ST, PITTSBURGH, PA 15206",0124J00129000000,2024-08-28,"$1,300,000"
2024,13th Ward,"541 BRUSHTON AVE, PITTSBURGH, PA 15208",0175C00107000000,2024-07-01,"$786,024"
2024,14th Ward,"5565 NORTHUMBERLAND ST, PITTSBURGH, PA 15217",0086B00053000000,2024-03-07,"$5,929,490"
2024,15th Ward,"4656 BROWNS HILL RD, PITTSBURGH, PA 15217",0088R00185000000,2024-01-03,"$3,852,000"
2024,16th Ward,"415 S 27TH ST, PITTSBURGH, PA 15203",0029J00215000000,2024-11-20,"$8,000,000"
2024,17th Ward,"1114 MURIEL ST, PITTSBURGH, PA 15203",0003H00217000000,2024-07-24,"$760,000"
2024,18th Ward,"26 WINDOM HILL PL, PITTSBURGH, PA 15203",0003K00161000500,2024-06-12,"$920,000"
2024,19th Ward,"125 VIRGINIA AVE, PITTSBURGH, PA 15211",0004G00040000000,2024-06-17,"$2,630,000"
2024,20th Ward,"1162 SHADYCREST DR, PITTSBURGH, PA 15216",0005P00119000000,2024-02-27,"$1,380,500"
2024,21st Ward,"1000 CALIFORNIA AVE, PITTSBURGH, PA 15212",0022G00142000000,2024-05-29,"$3,500,000"
2024,22nd Ward,"212-228 NORTH SHORE DR, PITTSBURGH, PA 15212",0008K0003500CU00,2024-03-28,"$4,766,316"
2024,23rd Ward,"820 E OHIO ST, PITTSBURGH, PA 15212",0024N00165000000,2024-12-13,"$8,775,000"
2024,24th Ward,"904 VINIAL ST, PITTSBURGH, PA 15212",0024K00363000000,2024-03-28,"$2,500,000"
2024,25th Ward,"1521 BUENA VISTA ST, PITTSBURGH, PA 15212",0023E00293000000,2024-12-04,"$785,000"
2024,26th Ward,"131 MARSHALL AVE, PITTSBURGH, PA 15214",0077J00074000000,2024-05-08,"$485,000"
2024,27th Ward,"3819 MCCLURE AVE, PITTSBURGH, PA 15212",0114L00322000000,2024-06-14,"$1,400,000"
2024,28th Ward,"2145 NOBLESTOWN RD, PITTSBURGH, PA 15205",0039H00139000000,2024-02-15,"$1,673,750"
2024,29th Ward,"2251 BROWNSVILLE RD, PITTSBURGH, PA 15210",0095H00112000000,2024-05-02,"$520,000"
2024,30th Ward,"132 CHARLES ST, PITTSBURGH, PA 15210",0014L00211000000,2024-04-12,"$250,000"
2024,31st Ward,"138 HOMERIDGE LN, HOMESTEAD, PA 15120",0091L00202000000,2024-06-14,"$330,100"
2024,32nd Ward,"1844 JACOB ST, PITTSBURGH, PA 15226",0061S00290000000,2024-07-19,"$900,000"
2025,1st Ward,"608-614 SHORT ST, CLAIRTON, PA 15025",0658M00016000000,2025-10-31,"$715,000"
2025,2nd Ward,"1001 LIBERTY AVE, PITTSBURGH, PA 15222",0009P00050000200,2025-08-05,"$42,000,000"
2025,3rd Ward,"1329 5TH AVE, PITTSBURGH, PA 15219",0002H00052000000,2025-07-03,"$3,659,000"
2025,4th Ward,"3455 FORBES AVE, PITTSBURGH, PA 15213",0028F00166000000,2025-09-08,"$6,237,500"
2025,5th Ward,"450 MELWOOD AVE, PITTSBURGH, PA 15213",0026M00065000000,2025-07-30,"$8,200,000"
2025,6th Ward,"3011 SMALLMAN ST, PITTSBURGH, PA 15201",0025C00130000000,2025-10-29,"$25,260,400"
2025,7th Ward,"5436 WALNUT ST, PITTSBURGH, PA 15232",0052D00244000000,2025-11-25,"$11,500,000"
2025,8th Ward,"4712 LIBERTY AVE, PITTSBURGH, PA 15224",0026D00276000000,2025-06-24,"$1,150,000"
2025,9th Ward,"4327 BUTLER ST, PITTSBURGH, PA 15201",0049B00189000000,2025-07-29,"$1,248,500"
2025,10th Ward,"5680-5688 BUTLER ST, PITTSBURGH, PA 15201",0120J00177000000,2025-02-04,"$3,065,800"
2025,11th Ward,"1025 N HIGHLAND AVE, PITTSBURGH, PA 15206",0082S00055000000,2025-04-17,"$1,525,000"
2025,12th Ward,"6526 DEARY ST, PITTSBURGH, PA 15206",0124L00127000000,2025-06-18,"$1,175,000"
2025,13th Ward,"421 N BRADDOCK AVE, PITTSBURGH, PA 15208",0175B00248000000,2025-06-26,"$730,000"
2025,14th Ward,"1712-1714 MURRAY AVE, PITTSBURGH, PA 15217",0086L00111000000,2025-12-04,"$5,100,000"
2025,15th Ward,"4214 SHIELDS ST, PITTSBURGH, PA 15207",0055C00035000000,2025-01-07,"$575,000"
2025,16th Ward,"2226 E CARSON ST, PITTSBURGH, PA 15203",0012L00016000000,2025-09-19,"$650,000"
2025,17th Ward,"1 PIUS ST, UNIT A5, PITTSBURGH, PA 15203",0003S0021800A500,2025-11-13,"$1,150,000"
2025,18th Ward,"95 HABERMAN AVE, PITTSBURGH, PA 15211",0015D00064000000,2025-06-25,"$990,000"
2025,19th Ward,"361 WYOMING ST, PITTSBURGH, PA 15211",0004L00135000000,2025-10-06,"$2,250,000"
2025,20th Ward,"921 SAW MILL RUN BLVD, PITTSBURGH, PA 15220",0005L00110000000,2025-08-08,"$1,310,000"
2025,21st Ward,"1239 SUCCESS ST, PITTSBURGH, PA 15212",0022B00038000000,2025-09-02,"$3,750,000"
2025,22nd Ward,"204 FEDERAL ST, PITTSBURGH, PA 15212",0008G00138000000,2025-06-25,"$2,200,000"
2025,23rd Ward,"405-415 E OHIO ST, PITTSBURGH, PA 15212",0023S00119000000,2025-05-19,"$1,685,000"
2025,24th Ward,"63 WATERFRONT DR, PITTSBURGH, PA 15222",0025A00089000000,2025-06-02,"$1,365,000"
2025,25th Ward,"0 HERN ST, PITTSBURGH, PA 15212",0023E00030000000,2025-05-13,"$1,100,000"
2025,26th Ward,"395 MALINE ST, PITTSBURGH, PA 15214",0115C00091000000,2025-09-02,"$3,750,000"
2025,27th Ward,"1245 DICKSON ST, PITTSBURGH, PA 15212",0045E00363000000,2025-09-02,"$3,750,000"
2025,28th Ward,"0 CRAFTMONT AVE, PITTSBURGH, PA 15205",0068S00181000000,2025-07-31,"$436,000"
2025,29th Ward,"1719 BROWNSVILLE RD, PITTSBURGH, PA 15210",0060L00278000000,2025-03-27,"$610,000"
2025,30th Ward,"418 BROWNSVILLE RD, PITTSBURGH, PA 15210",0033C00150000000,2025-05-23,"$247,500"
2025,31st Ward,"5615 DELLAGLEN AVE, PITTSBURGH, PA 15207",0185S00072000000,2025-08-28,"$400,000"
2025,32nd Ward,"182-184 PROVOST RD, PITTSBURGH, PA 15227",0138K00077000000,2025-07-11,"$389,000"
