event_time,category,amount
2024-01-11 13:24:00,alpha,23.56
2024-02-13 19:28:00,beta,34.26
2024-04-12 22:30:00,alpha,317.16
2024-01-09 11:31:00,alpha,148.36
2024-02-02 21:36:00,gamma,321.26
2024-03-08 19:01:00,gamma,36.08
2024-03-25 18:14:00,beta,183.98
2024-02-14 10:28:00,beta,264.97
2024-02-22 10:01:00,alpha,63.44
2024-03-04 17:57:00,gamma,399.46
2024-01-12 19:59:00,gamma,158.26
2024-03-04 04:05:00,beta,180.95
2024-01-11 17:34:00,beta,69.02
2024-03-31 09:16:00,beta,203.81
2024-02-20 13:53:00,beta,432.67
2024-02-20 16:26:00,beta,342.95
2024-01-28 11:23:00,alpha,119.82
2024-02-12 11:27:00,gamma,95.26
2024-02-21 07:46:00,beta,269.62
2024-03-13 15:09:00,beta,318.97
2024-01-10 13:42:00,gamma,79.88
2024-01-19 11:18:00,gamma,17.62
2024-03-27 07:35:00,beta,496.59
2024-02-26 18:30:00,alpha,376.09
2024-01-30 09:20:00,alpha,475.74
2024-01-31 09:49:00,alpha,268.63
2024-04-01 12:19:00,alpha,308.55
2024-02-05 12:36:00,beta,371.24
2024-03-04 15:04:00,beta,44.87
2024-01-19 14:19:00,alpha,172.18
2024-01-16 10:24:00,alpha,455.34
2024-02-02 11:58:00,gamma,169.6
2024-01-16 11:01:00,alpha,496.59
2024-03-25 17:09:00,alpha,307.73
2024-04-18 11:23:00,gamma,469.05
2024-01-29 09:11:00,alpha,15.59
2024-01-26 08:23:00,alpha,413.95
2024-02-08 10:03:00,alpha,150.02
2024-02-13 18:55:00,beta,133.39
2024-03-05 09:42:00,gamma,293.76
2024-04-01 07:44:00,alpha,264.14
2024-01-04 09:43:00,alpha,306.23
2024-02-29 08:14:00,gamma,279.94
2024-01-11 08:15:00,beta,25.89
2024-04-12 06:13:00,alpha,224.41
2024-02-20 11:02:00,gamma,404.64
2024-04-02 10:24:00,gamma,263.99
2024-03-12 10:15:00,alpha,337.22
2024-03-18 23:26:00,gamma,154.88
2024-03-29 16:52:00,gamma,417.06
2024-01-30 09:27:00,gamma,204.89
2024-03-17 16:35:00,beta,50.64
2024-03-07 14:52:00,gamma,232.04
2024-02-19 12:02:00,alpha,138.87
2024-01-24 14:02:00,gamma,410.39
2024-02-29 12:53:00,alpha,400.8
2024-02-17 10:22:00,alpha,37.98
2024-02-13 09:44:00,alpha,134.64
2024-02-22 18:51:00,gamma,93.06
2024-02-15 14:13:00,alpha,367.87
2024-04-03 14:43:00,beta,57.61
2024-03-12 13:25:00,beta,345.43
2024-04-25 18:37:00,beta,491.03
2024-01-24 15:11:00,gamma,371.74
2024-02-16 12:42:00,alpha,46.82
2024-02-23 08:23:00,alpha,82.98
2024-03-22 03:50:00,beta,481.08
2024-04-09 14:12:00,alpha,483.01
2024-02-26 08:26:00,alpha,5.53
2024-03-10 11:21:00,beta,253.87
2024-02-06 14:05:00,alpha,49.97
2024-01-17 08:08:00,gamma,25.63
2024-04-24 15:04:00,gamma,479.03
2024-04-18 14:24:00,beta,361.74
2024-04-22 15:10:00,alpha,413.3
2024-04-03 09:14:00,gamma,352.02
2024-04-02 00:44:00,gamma,377.67
2024-01-06 16:08:00,gamma,183.55
2024-04-24 06:45:00,gamma,341.93
2024-04-01 13:30:00,alpha,331.35
2024-02-12 17:47:00,alpha,119.21
2024-02-06 02:20:00,alpha,169.23
2024-01-25 07:00:00,alpha,245.47
2024-01-22 13:44:00,gamma,103.63
2024-01-16 15:06:00,alpha,148.35
2024-03-11 10:09:00,alpha,41.93
2024-01-17 10:32:00,gamma,134.6
2024-03-06 10:54:00,gamma,256.83
2024-03-29 11:58:00,alpha,6.78
2024-01-26 14:45:00,beta,161.46
2024-03-01 07:34:00,beta,420.36
2024-02-05 15:12:00,gamma,148.47
2024-03-08 18:15:00,beta,499.4
2024-04-17 06:09:00,beta,379.05
2024-01-09 18:53:00,alpha,418.16
2024-02-27 10:53:00,beta,393.65
2024-01-15 16:02:00,gamma,208.39
2024-03-29 09:30:00,gamma,68.02
2024-04-29 10:05:00,beta,280.87
2024-03-12 19:01:00,gamma,85.02
2024-04-09 17:18:00,alpha,91.47
2024-04-11 04:39:00,alpha,187.31
2024-04-13 16:41:00,alpha,376.08
2024-04-05 10:07:00,beta,172.41
2024-02-09 07:33:00,alpha,195.36
2024-01-04 23:17:00,beta,356.21
2024-03-30 04:04:00,beta,465.47
2024-03-22 17:29:00,alpha,115.78
2024-01-08 04:46:00,alpha,120.13
2024-01-21 09:54:00,beta,264.6
2024-02-17 11:48:00,gamma,5.57
2024-02-27 14:11:00,alpha,240.28
2024-02-12 17:43:00,alpha,480.5
2024-02-06 01:25:00,beta,370.87
2024-04-01 21:50:00,beta,485.08
2024-02-26 17:54:00,alpha,119.25
2024-02-23 16:34:00,gamma,250.4
2024-04-18 12:31:00,alpha,356.38
2024-01-15 10:44:00,beta,99.39
2024-03-26 03:02:00,gamma,364.06
2024-03-21 13:01:00,alpha,43.73
2024-01-15 16:51:00,alpha,282.76
2024-02-07 18:09:00,beta,411.89
2024-03-19 17:23:00,gamma,239.36
2024-03-27 09:16:00,beta,127.77
2024-01-08 09:36:00,beta,35.98
2024-01-12 10:36:00,beta,184.67
2024-04-22 07:37:00,gamma,359.73
2024-02-27 14:44:00,beta,6.87
2024-04-18 10:04:00,gamma,473.51
2024-01-12 21:26:00,alpha,58.09
2024-03-25 18:51:00,beta,395.95
2024-02-03 07:16:00,gamma,155.14
2024-02-29 16:10:00,beta,184.12
2024-04-18 10:43:00,alpha,198.88
2024-01-12 18:49:00,beta,278.53
2024-03-18 15:38:00,alpha,136.12
2024-03-22 08:48:00,alpha,211.34
2024-02-12 18:26:00,gamma,380.99
2024-02-23 12:10:00,gamma,137.49
2024-02-14 18:34:00,alpha,326.57
2024-01-07 17:45:00,beta,442.0
2024-03-09 01:29:00,beta,120.28
2024-02-02 08:38:00,beta,388.62
2024-01-02 03:41:00,gamma,356.3
2024-03-04 15:51:00,beta,173.31
2024-02-16 09:44:00,gamma,327.56
2024-02-29 13:46:00,beta,96.65
2024-02-26 20:00:00,alpha,398.66
2024-04-09 18:26:00,beta,55.19
2024-01-17 14:15:00,beta,349.23
2024-03-15 14:23:00,gamma,157.26
2024-01-10 08:23:00,gamma,442.43
2024-03-18 03:24:00,alpha,206.08
2024-03-07 09:31:00,alpha,69.34
2024-01-10 09:51:00,gamma,404.2
2024-03-13 05:17:00,gamma,463.98
2024-03-04 08:11:00,gamma,90.03
2024-03-11 14:44:00,gamma,312.07
2024-02-09 17:03:00,gamma,82.46
2024-03-06 09:24:00,alpha,485.49
2024-02-05 01:27:00,gamma,422.03
2024-02-29 00:27:00,gamma,230.59
2024-03-22 08:03:00,alpha,16.57
2024-04-22 15:58:00,beta,121.45
2024-04-22 14:35:00,beta,419.09
2024-03-19 09:18:00,beta,254.65
2024-04-29 14:53:00,gamma,69.48
2024-04-03 02:41:00,gamma,447.96
2024-01-25 19:00:00,alpha,498.08
2024-03-30 13:00:00,alpha,344.64
2024-04-21 16:33:00,beta,76.07
2024-04-01 10:13:00,beta,108.12
2024-01-07 16:55:00,beta,84.81
2024-02-20 15:27:00,beta,88.53
2024-04-06 14:45:00,beta,483.25
2024-04-15 14:14:00,alpha,129.76
2024-03-12 18:31:00,beta,136.05
2024-03-06 13:57:00,alpha,223.93
2024-01-09 18:59:00,gamma,130.56
2024-04-26 08:52:00,gamma,464.59
2024-03-19 16:27:00,beta,448.29
2024-01-05 01:23:00,gamma,180.71
2024-01-25 08:15:00,gamma,415.09
2024-01-29 21:02:00,alpha,355.2
2024-04-26 04:22:00,gamma,392.17
2024-01-03 02:13:00,gamma,446.87
2024-03-21 18:47:00,gamma,368.09
2024-01-01 01:44:00,gamma,17.49
2024-01-11 15:03:00,alpha,11.11
2024-02-05 21:50:00,alpha,261.54
2024-04-21 15:02:00,beta,36.56
2024-04-23 22:52:00,gamma,392.57
2024-04-08 00:19:00,beta,373.87
2024-03-25 16:46:00,gamma,228.98
2024-02-17 14:11:00,alpha,66.02
2024-03-20 09:08:00,gamma,486.09
2024-02-09 12:04:00,gamma,12.54
2024-02-29 12:07:00,beta,167.63
2024-02-13 12:56:00,gamma,461.23
2024-02-12 13:36:00,beta,395.66
2024-02-01 05:29:00,alpha,60.39
2024-01-06 05:32:00,alpha,347.85
2024-04-25 09:27:00,alpha,369.71
2024-02-07 10:49:00,alpha,22.04
2024-04-25 10:44:00,gamma,317.97
2024-03-27 20:32:00,alpha,397.02
2024-04-27 15:48:00,beta,171.58
2024-02-17 13:01:00,beta,465.4
2024-04-19 14:12:00,beta,311.05
2024-01-09 18:13:00,alpha,358.62
2024-01-17 13:06:00,beta,89.33
2024-02-22 11:45:00,alpha,7.16
2024-03-30 08:26:00,gamma,399.4
2024-04-03 18:40:00,alpha,145.45
2024-01-15 17:22:00,gamma,282.82
2024-03-05 17:42:00,beta,446.46
2024-01-16 16:29:00,gamma,17.46
2024-02-07 12:32:00,beta,451.1
2024-03-04 10:33:00,gamma,81.89
2024-04-22 09:09:00,alpha,487.51
2024-02-29 10:46:00,beta,84.66
2024-02-29 17:22:00,beta,487.7
2024-01-19 12:47:00,gamma,55.31
2024-02-05 17:10:00,alpha,144.0
2024-03-11 16:41:00,alpha,202.52
2024-03-20 11:13:00,gamma,490.54
2024-03-14 16:13:00,alpha,454.46
2024-04-26 18:55:00,beta,159.94
2024-04-24 08:59:00,beta,124.99
2024-04-24 14:49:00,beta,243.96
2024-01-04 13:53:00,beta,261.53
2024-02-29 17:17:00,beta,416.78
2024-01-20 08:46:00,gamma,112.85
2024-02-06 08:59:00,alpha,424.34
2024-03-27 14:31:00,gamma,397.32
2024-03-08 08:10:00,beta,372.34
2024-01-03 10:08:00,beta,316.14
2024-03-12 08:30:00,alpha,69.0
2024-04-25 11:17:00,gamma,283.22
2024-02-23 14:00:00,gamma,66.96
2024-03-26 10:50:00,alpha,137.38
2024-03-18 13:40:00,beta,6.33
2024-04-23 11:31:00,gamma,449.02
2024-03-11 02:34:00,gamma,453.37
2024-01-26 13:25:00,beta,318.42
2024-01-03 17:28:00,alpha,476.13
2024-04-29 09:55:00,gamma,55.25
2024-01-17 10:59:00,gamma,395.1
2024-01-26 08:46:00,gamma,33.93
2024-03-30 10:50:00,alpha,272.07
2024-02-28 09:05:00,gamma,251.32
2024-01-14 17:24:00,beta,319.88
2024-01-06 04:38:00,alpha,342.88
2024-01-27 07:17:00,gamma,210.72
2024-03-27 09:16:00,gamma,386.43
2024-02-08 08:40:00,beta,214.08
2024-04-10 20:35:00,beta,149.98
2024-04-01 16:54:00,gamma,175.68
2024-01-22 11:14:00,beta,358.02
2024-04-25 13:34:00,alpha,202.44
2024-03-13 12:59:00,alpha,27.97
2024-03-27 11:32:00,gamma,34.77
2024-04-18 13:18:00,alpha,110.19
2024-04-25 08:12:00,alpha,55.17
2024-04-29 08:52:00,alpha,394.34
2024-03-19 09:38:00,gamma,467.26
2024-04-05 01:19:00,alpha,388.02
2024-03-14 15:56:00,alpha,341.58
2024-02-08 15:27:00,gamma,12.69
2024-01-01 20:53:00,gamma,65.23
2024-01-23 02:10:00,alpha,141.35
2024-04-13 13:57:00,gamma,373.38
2024-01-16 08:16:00,gamma,356.07
2024-01-10 14:04:00,alpha,34.97
2024-04-22 13:03:00,beta,159.68
2024-03-29 12:48:00,beta,186.94
2024-03-26 12:35:00,alpha,483.35
2024-04-27 09:33:00,beta,241.1
2024-02-20 22:55:00,gamma,353.12
2024-04-19 10:24:00,gamma,217.14
2024-02-12 15:54:00,beta,345.83
2024-02-28 12:46:00,beta,82.85
2024-01-08 16:47:00,alpha,406.82
2024-04-09 17:35:00,beta,176.69
2024-01-16 11:38:00,beta,399.71
2024-02-06 11:41:00,gamma,466.2
2024-02-12 14:30:00,alpha,340.44
2024-03-25 17:01:00,beta,295.26
2024-01-02 16:56:00,beta,272.58
2024-01-12 09:38:00,gamma,262.91
2024-02-04 10:24:00,alpha,94.44
2024-02-22 18:08:00,gamma,182.65
2024-02-14 20:07:00,beta,190.15
2024-03-25 08:46:00,alpha,161.32
2024-04-04 13:32:00,alpha,21.62
2024-03-22 08:22:00,gamma,481.92
2024-03-02 16:25:00,alpha,192.21
2024-04-11 11:13:00,gamma,231.85
2024-01-12 16:25:00,gamma,201.71
2024-01-17 09:01:00,gamma,120.44
2024-01-17 08:16:00,gamma,255.72
2024-02-10 08:43:00,beta,470.88
2024-01-11 18:59:00,alpha,419.42
2024-01-09 13:31:00,gamma,356.26
2024-03-29 00:06:00,alpha,162.25
2024-03-08 15:55:00,alpha,190.62
2024-02-13 09:50:00,gamma,446.62
2024-02-05 12:25:00,alpha,464.2
2024-04-22 14:56:00,gamma,74.18
2024-03-22 10:02:00,beta,421.91
2024-04-24 09:23:00,beta,164.67
2024-02-12 13:50:00,gamma,186.19
2024-03-01 10:26:00,alpha,94.22
2024-01-05 15:03:00,beta,170.58
2024-01-31 13:07:00,alpha,162.44
2024-03-28 19:47:00,gamma,33.14
2024-02-08 10:33:00,beta,64.0
2024-02-06 16:53:00,beta,495.56
2024-02-13 10:47:00,alpha,198.12
2024-01-11 11:08:00,beta,76.45
2024-04-26 11:22:00,gamma,173.75
2024-01-26 12:17:00,gamma,146.77
2024-03-06 13:17:00,beta,113.04
2024-02-02 18:59:00,alpha,357.25
2024-04-24 09:42:00,gamma,157.48
2024-01-02 19:50:00,gamma,262.18
2024-04-26 08:37:00,beta,49.71
2024-03-15 13:12:00,beta,70.97
2024-02-18 11:18:00,gamma,416.65
2024-03-07 19:53:00,gamma,188.73
2024-02-14 13:13:00,beta,390.67
2024-01-05 16:01:00,gamma,71.51
2024-02-14 08:01:00,alpha,311.44
2024-01-31 13:28:00,beta,279.9
2024-01-06 11:23:00,gamma,370.68
2024-02-17 14:09:00,gamma,320.23
2024-03-25 10:59:00,gamma,224.89
2024-02-02 13:56:00,alpha,235.1
2024-04-16 15:50:00,beta,59.47
2024-01-04 08:51:00,beta,348.47
2024-04-18 16:30:00,gamma,22.92
2024-01-10 11:02:00,beta,203.35
2024-04-12 18:00:00,beta,408.45
2024-04-12 03:23:00,gamma,77.58
2024-03-05 08:06:00,beta,333.24
2024-04-06 15:05:00,beta,219.36
2024-01-08 07:55:00,gamma,312.36
2024-04-23 11:59:00,gamma,404.13
2024-02-15 14:48:00,alpha,219.68
2024-01-31 09:32:00,gamma,479.75
2024-04-03 12:44:00,alpha,235.88
2024-03-21 02:17:00,alpha,443.17
2024-02-06 15:01:00,beta,233.14
2024-04-09 18:22:00,beta,237.14
2024-02-26 12:36:00,beta,114.68
2024-04-16 14:53:00,beta,85.34
2024-02-13 10:12:00,beta,248.25
2024-02-09 08:20:00,alpha,83.49
2024-03-04 08:24:00,alpha,260.91
2024-03-05 03:53:00,alpha,310.07
2024-02-20 09:07:00,gamma,52.05
2024-03-27 12:20:00,gamma,355.73
2024-01-19 19:34:00,gamma,294.99
2024-04-20 13:28:00,beta,347.86
2024-02-22 10:33:00,beta,179.71
2024-04-05 18:39:00,beta,325.86
2024-02-24 14:49:00,beta,402.46
2024-03-18 15:10:00,alpha,17.66
2024-02-16 16:52:00,beta,153.41
2024-03-20 13:58:00,gamma,364.92
2024-03-06 02:52:00,gamma,178.8
2024-04-05 14:50:00,beta,190.34
2024-04-14 12:05:00,alpha,482.41
2024-03-29 14:28:00,gamma,450.08
2024-04-29 09:47:00,gamma,174.96
2024-04-02 15:19:00,beta,317.4
2024-04-05 09:38:00,gamma,107.86
2024-04-19 19:06:00,gamma,496.91
2024-03-15 21:30:00,alpha,156.84
2024-04-10 15:47:00,beta,201.8
2024-01-06 09:01:00,beta,385.64
2024-04-03 15:10:00,gamma,103.28
2024-04-19 13:03:00,alpha,261.62
2024-04-02 17:59:00,alpha,42.68
2024-04-15 09:00:00,gamma,122.94
2024-04-15 23:55:00,alpha,227.67
2024-03-11 04:57:00,alpha,445.82
2024-02-10 13:51:00,gamma,428.08
2024-02-27 07:21:00,beta,155.32
2024-04-19 16:35:00,beta,489.87
2024-04-16 11:07:00,beta,202.31
2024-03-29 04:19:00,alpha,48.3
2024-02-03 23:03:00,beta,201.03
2024-03-07 01:41:00,gamma,436.39
2024-03-11 12:25:00,beta,175.52
2024-03-20 07:03:00,gamma,17.52
2024-01-29 09:06:00,alpha,50.85
2024-02-13 17:22:00,beta,112.16
2024-03-14 18:08:00,gamma,107.99
2024-03-27 15:28:00,alpha,429.9
2024-03-14 13:45:00,alpha,67.13
2024-01-23 08:28:00,alpha,273.58
2024-03-11 01:17:00,gamma,286.0
2024-02-26 13:51:00,gamma,47.59
2024-02-26 15:58:00,beta,67.44
2024-03-13 15:08:00,beta,422.96
2024-03-25 13:16:00,gamma,431.33
2024-02-02 02:40:00,gamma,400.7
2024-01-05 14:22:00,gamma,233.98
2024-04-24 11:23:00,beta,62.04
2024-01-08 08:44:00,gamma,85.2
2024-01-29 10:24:00,alpha,278.41
2024-04-24 14:08:00,alpha,284.45
2024-01-01 04:14:00,gamma,146.74
2024-04-16 12:26:00,alpha,487.19
2024-01-21 05:47:00,beta,109.02
2024-01-16 16:20:00,gamma,199.85
2024-03-04 12:57:00,beta,224.07
2024-04-24 08:12:00,gamma,31.88
2024-02-07 11:53:00,gamma,424.05
2024-02-04 11:02:00,gamma,413.46
2024-04-11 18:51:00,gamma,86.03
2024-02-17 09:10:00,alpha,88.19
2024-02-06 15:58:00,alpha,72.59
2024-03-29 13:18:00,alpha,354.28
2024-03-22 00:22:00,gamma,178.97
2024-02-24 11:58:00,gamma,75.23
2024-04-12 12:57:00,gamma,408.62
2024-02-07 13:55:00,beta,155.43
2024-03-22 13:25:00,alpha,165.61
2024-02-22 16:52:00,alpha,27.56
2024-03-29 09:17:00,gamma,169.2
2024-04-12 14:38:00,gamma,246.99
2024-03-06 09:47:00,gamma,146.56
2024-01-05 14:30:00,alpha,151.68
2024-04-05 15:39:00,gamma,88.39
2024-02-26 11:56:00,beta,192.79
2024-01-08 12:14:00,gamma,460.93
2024-03-14 09:42:00,alpha,249.72
2024-04-24 01:11:00,gamma,117.61
2024-03-14 01:40:00,alpha,426.08
2024-03-08 19:25:00,gamma,428.39
2024-02-21 13:34:00,alpha,259.74
2024-01-12 10:01:00,gamma,478.22
2024-01-01 18:19:00,gamma,339.25
2024-01-16 11:33:00,gamma,232.94
2024-03-01 08:31:00,beta,284.69
2024-03-28 12:21:00,alpha,153.16
2024-04-25 08:52:00,alpha,115.13
2024-03-22 10:28:00,alpha,331.94
2024-03-08 17:20:00,beta,183.2
2024-02-13 17:37:00,beta,134.24
2024-02-11 08:50:00,alpha,276.32
2024-01-21 10:31:00,beta,326.59
2024-03-21 00:19:00,gamma,277.53
2024-04-03 18:45:00,gamma,199.02
2024-01-17 22:49:00,gamma,33.49
2024-02-13 03:02:00,alpha,12.51
2024-03-24 16:29:00,gamma,72.12
2024-02-06 16:48:00,gamma,436.03
2024-01-31 14:01:00,beta,403.03
2024-01-23 08:10:00,gamma,369.94
2024-03-05 08:12:00,gamma,167.04
2024-04-19 18:46:00,gamma,125.01
2024-03-05 12:11:00,beta,15.54
2024-02-03 17:27:00,beta,437.5
2024-01-03 12:17:00,alpha,246.15
2024-01-07 10:55:00,gamma,410.06
2024-03-27 14:36:00,gamma,423.33
2024-03-12 14:51:00,gamma,260.91
2024-03-06 16:56:00,alpha,159.07
2024-03-06 17:10:00,beta,290.64
2024-03-11 14:40:00,beta,7.96
2024-04-15 10:23:00,alpha,15.15
2024-02-19 18:13:00,beta,181.63
2024-01-18 08:09:00,beta,318.39
2024-04-25 12:42:00,beta,397.56
2024-02-13 08:00:00,alpha,342.26
2024-04-02 15:26:00,alpha,178.46
2024-03-01 21:08:00,beta,337.52
2024-03-28 15:33:00,alpha,405.56
2024-03-04 13:50:00,alpha,8.58
2024-04-16 19:44:00,beta,361.33
2024-04-10 08:32:00,beta,41.38
2024-01-15 13:39:00,beta,292.34
2024-04-09 11:37:00,alpha,315.09
2024-02-09 17:49:00,beta,104.17
2024-04-19 18:07:00,gamma,325.81
2024-01-11 08:09:00,gamma,29.06
2024-01-25 21:06:00,beta,270.79
2024-01-03 17:33:00,alpha,110.05
2024-02-29 11:35:00,alpha,326.22
2024-03-14 18:51:00,beta,91.38
2024-03-25 08:31:00,alpha,463.02
2024-04-12 16:45:00,beta,32.73
2024-01-04 09:16:00,alpha,267.09
2024-01-17 08:38:00,beta,214.5
2024-04-19 12:17:00,alpha,371.84
2024-03-06 18:47:00,beta,70.27
2024-01-02 15:29:00,alpha,329.4
2024-04-24 11:43:00,alpha,468.79
2024-04-23 17:02:00,alpha,273.92
2024-01-30 12:08:00,beta,390.16
2024-01-05 19:39:00,gamma,12.64
2024-03-04 20:09:00,gamma,191.12
2024-01-06 14:09:00,beta,356.09
2024-03-18 11:31:00,beta,440.31
2024-03-31 18:25:00,gamma,396.46
2024-02-21 10:32:00,alpha,245.35
2024-02-15 11:05:00,gamma,307.08
2024-03-23 11:23:00,alpha,442.01
2024-03-06 14:27:00,beta,95.24
2024-01-26 10:47:00,beta,344.15
2024-01-02 17:10:00,beta,79.65
2024-03-05 00:29:00,alpha,234.92
2024-03-13 07:16:00,beta,322.87
2024-02-06 15:50:00,gamma,12.6
2024-01-25 13:05:00,alpha,289.55
2024-02-27 14:46:00,alpha,64.63
2024-03-29 17:17:00,gamma,217.1
2024-02-02 13:58:00,gamma,78.23
2024-02-19 16:38:00,alpha,136.0
2024-02-05 18:17:00,beta,395.81
2024-02-21 08:40:00,gamma,208.13
2024-03-11 11:10:00,beta,402.86
2024-04-25 14:16:00,gamma,253.02
2024-02-16 08:38:00,gamma,191.6
2024-01-22 03:32:00,gamma,393.06
2024-04-11 16:12:00,gamma,224.0
2024-02-27 10:56:00,gamma,5.46
2024-04-09 10:17:00,alpha,413.37
2024-01-12 16:08:00,gamma,136.87
2024-02-28 15:26:00,gamma,333.8
2024-03-27 18:22:00,alpha,37.6
2024-03-07 14:10:00,alpha,80.47
2024-03-18 22:13:00,alpha,352.8
2024-02-01 18:27:00,alpha,7.93
2024-01-24 18:15:00,gamma,331.83
2024-04-23 08:48:00,beta,401.77
2024-02-16 00:47:00,alpha,5.4
2024-02-02 11:34:00,gamma,140.92
2024-01-17 15:01:00,beta,430.15
2024-02-06 17:09:00,beta,310.84
2024-03-08 15:37:00,gamma,224.05
2024-03-07 20:12:00,beta,485.04
2024-03-19 10:55:00,beta,179.41
2024-01-24 13:40:00,alpha,488.96
2024-04-15 14:59:00,gamma,105.55
2024-04-05 17:19:00,gamma,379.73
2024-01-05 15:48:00,gamma,233.96
2024-03-20 09:26:00,beta,92.23
2024-03-30 10:23:00,alpha,336.84
2024-02-06 10:52:00,alpha,463.26
2024-02-23 12:25:00,beta,386.09
2024-01-22 12:04:00,alpha,287.66
2024-01-03 19:36:00,alpha,424.84
2024-02-06 09:05:00,beta,432.18
2024-01-26 12:37:00,alpha,436.61
2024-02-17 18:11:00,beta,131.24
2024-03-20 09:22:00,beta,155.96
2024-01-24 23:37:00,gamma,327.87
2024-03-25 12:13:00,gamma,293.97
2024-03-07 13:53:00,beta,104.13
2024-02-27 05:03:00,alpha,207.42
2024-01-07 10:17:00,beta,149.31
2024-04-17 18:53:00,beta,467.76
2024-02-06 23:51:00,beta,429.77
2024-01-23 15:47:00,alpha,408.08
2024-03-31 12:04:00,gamma,282.72
2024-02-23 16:24:00,gamma,419.96
2024-02-07 15:59:00,beta,52.14
2024-01-17 15:54:00,beta,115.77
2024-03-21 12:54:00,alpha,434.75
2024-01-25 06:48:00,beta,150.35
2024-02-12 08:32:00,beta,354.94
2024-01-29 09:30:00,alpha,329.14
2024-03-14 01:37:00,beta,65.45
2024-04-05 10:40:00,beta,247.51
2024-03-26 15:27:00,alpha,291.5
2024-02-24 14:07:00,gamma,54.83
2024-03-04 18:10:00,alpha,168.13
2024-04-10 09:50:00,alpha,299.82
2024-03-24 23:52:00,alpha,259.12
2024-01-18 16:47:00,gamma,70.32
2024-01-17 09:22:00,gamma,437.35
2024-03-28 10:13:00,beta,51.54
2024-02-13 10:58:00,beta,138.88
2024-04-08 11:51:00,beta,126.76
2024-01-18 07:02:00,alpha,246.76
2024-02-11 17:39:00,alpha,81.06
2024-04-04 07:41:00,gamma,445.8
2024-01-16 08:25:00,alpha,120.79
2024-04-18 08:52:00,gamma,356.84
2024-01-18 20:29:00,gamma,387.56
2024-02-03 06:40:00,beta,394.37
2024-02-14 13:42:00,gamma,341.01
2024-01-26 13:17:00,alpha,344.59
2024-03-28 07:57:00,gamma,390.73
2024-04-25 20:25:00,gamma,29.91
2024-03-07 13:22:00,alpha,327.22
2024-03-04 13:40:00,beta,338.0
2024-03-31 08:02:00,gamma,468.88
2024-01-10 14:35:00,gamma,297.24
2024-04-26 11:09:00,gamma,152.99
2024-04-25 03:31:00,beta,376.6
2024-03-18 15:48:00,alpha,153.73
2024-04-19 22:10:00,alpha,439.71
2024-03-27 12:59:00,gamma,153.23
2024-02-08 21:28:00,beta,423.05
2024-04-22 17:39:00,beta,48.55
2024-02-19 08:03:00,beta,206.69
2024-04-24 04:03:00,alpha,197.89
2024-03-01 13:25:00,beta,87.87
2024-03-12 18:57:00,beta,478.11
2024-04-20 10:13:00,alpha,198.51
2024-01-02 15:34:00,alpha,56.35
2024-02-14 18:14:00,gamma,129.15
2024-04-10 14:40:00,gamma,334.72
2024-01-25 13:58:00,beta,334.82
2024-01-04 06:36:00,gamma,63.93
2024-03-28 19:57:00,beta,76.54
2024-04-02 11:27:00,beta,90.92
2024-04-09 02:01:00,gamma,489.18
2024-04-26 09:44:00,gamma,183.32
2024-02-20 12:19:00,gamma,250.4
2024-02-06 13:14:00,alpha,85.26
2024-04-04 18:09:00,beta,454.26
2024-03-06 13:20:00,alpha,139.81
2024-03-27 10:08:00,beta,464.38
2024-03-14 09:04:00,beta,184.09
2024-04-23 08:45:00,beta,320.37
2024-02-27 07:11:00,beta,379.75
2024-03-26 14:25:00,gamma,208.8
2024-02-22 11:55:00,alpha,133.56
2024-01-03 03:19:00,gamma,285.4
2024-03-05 09:08:00,beta,136.43
2024-04-09 20:37:00,gamma,340.64
2024-04-25 09:35:00,alpha,388.43
2024-03-04 15:57:00,gamma,436.46
2024-02-22 13:32:00,beta,342.54
2024-01-01 13:34:00,gamma,121.59
2024-03-19 17:51:00,gamma,365.73
2024-02-13 10:56:00,beta,449.91
2024-02-22 08:02:00,gamma,438.38
2024-04-02 16:09:00,alpha,452.42
2024-02-26 07:08:00,gamma,286.65
2024-04-04 03:59:00,beta,113.1
2024-04-01 15:15:00,beta,297.17
2024-04-18 10:31:00,alpha,271.24
2024-03-26 02:54:00,alpha,150.6
2024-02-09 15:50:00,alpha,144.45
2024-01-06 13:12:00,alpha,19.04
2024-04-24 16:33:00,alpha,294.54
2024-02-15 19:55:00,beta,289.92
2024-03-19 12:30:00,gamma,440.79
2024-04-22 10:41:00,beta,309.76
2024-02-21 10:36:00,alpha,369.32
2024-04-03 23:21:00,alpha,396.17
2024-02-06 14:56:00,gamma,419.81
2024-01-12 10:04:00,beta,11.44
2024-04-24 17:20:00,gamma,180.91
2024-01-30 18:59:00,beta,495.78
2024-02-25 15:49:00,gamma,91.71
2024-03-05 16:09:00,alpha,403.22
2024-03-03 10:19:00,alpha,185.12
2024-03-26 18:58:00,alpha,456.3
2024-01-24 08:36:00,gamma,283.89
2024-04-02 11:12:00,beta,129.71
2024-04-04 11:29:00,gamma,364.24
2024-03-20 11:52:00,alpha,60.01
2024-04-16 13:25:00,alpha,9.52
2024-01-16 15:56:00,alpha,105.96
2024-04-26 09:52:00,alpha,125.49
2024-03-05 13:13:00,alpha,53.54
2024-04-16 14:15:00,gamma,354.96
2024-01-10 18:54:00,alpha,203.11
2024-02-13 15:39:00,beta,347.56
2024-01-22 13:15:00,gamma,193.94
2024-02-13 10:27:00,alpha,7.43
2024-04-27 22:11:00,alpha,454.46
2024-02-06 10:23:00,alpha,235.93
2024-01-18 13:56:00,gamma,85.59
2024-01-01 09:53:00,alpha,280.17
2024-01-16 14:04:00,gamma,308.34
2024-01-05 09:10:00,gamma,406.72
2024-03-24 08:58:00,gamma,326.78
2024-02-07 16:59:00,alpha,308.28
2024-01-16 17:16:00,beta,340.44
2024-01-19 11:05:00,beta,154.85
2024-02-23 20:01:00,gamma,290.24
2024-01-02 06:20:00,alpha,61.27
2024-01-15 12:41:00,alpha,359.75
2024-01-25 13:59:00,beta,401.56
2024-02-23 09:44:00,gamma,71.4
2024-01-30 15:52:00,gamma,329.67
2024-02-29 08:09:00,alpha,11.51
2024-04-07 21:51:00,alpha,274.27
2024-02-29 20:08:00,alpha,445.46
2024-01-15 10:25:00,alpha,22.51
2024-03-24 09:10:00,gamma,31.43
2024-04-04 10:47:00,gamma,49.37
2024-02-08 15:52:00,alpha,358.58
2024-03-19 12:45:00,alpha,307.25
2024-02-21 18:09:00,alpha,174.16
2024-04-22 13:18:00,gamma,371.55
2024-04-18 20:05:00,beta,155.43
2024-01-12 15:21:00,gamma,12.2
2024-03-06 19:25:00,gamma,60.87
2024-02-19 18:44:00,beta,93.06
2024-02-01 12:48:00,gamma,439.64
2024-02-07 12:15:00,alpha,57.75
2024-01-02 18:50:00,alpha,452.92
2024-01-29 18:28:00,gamma,295.56
2024-01-11 10:04:00,gamma,49.03
2024-01-24 16:17:00,beta,185.0
2024-02-02 02:23:00,gamma,129.56
2024-03-07 16:05:00,gamma,60.18
2024-01-06 11:27:00,alpha,443.88
2024-01-02 08:56:00,gamma,191.82
2024-03-29 17:36:00,beta,279.87
2024-03-30 14:15:00,alpha,245.06
2024-02-01 15:25:00,beta,222.93
2024-01-22 12:54:00,beta,183.76
2024-03-26 09:49:00,beta,279.62
2024-04-12 11:13:00,beta,59.47
2024-03-19 14:48:00,alpha,263.16
2024-02-08 15:55:00,beta,136.33
2024-01-24 23:33:00,beta,317.34
2024-03-06 18:15:00,gamma,492.17
2024-03-28 16:03:00,gamma,10.39
2024-01-05 10:55:00,gamma,371.53
2024-01-26 08:36:00,alpha,196.74
2024-02-28 14:52:00,beta,329.95
2024-04-28 11:28:00,alpha,12.75
2024-01-07 12:53:00,alpha,420.44
2024-01-31 01:41:00,beta,120.38
2024-02-08 15:25:00,alpha,100.24
2024-03-26 15:23:00,beta,139.14
2024-02-28 13:53:00,alpha,174.87
2024-01-30 12:07:00,alpha,81.63
2024-03-27 11:35:00,gamma,196.34
2024-02-17 12:38:00,alpha,140.58
2024-03-16 17:38:00,alpha,499.25
2024-01-25 14:58:00,alpha,88.04
2024-04-16 14:28:00,beta,130.32
2024-03-15 05:29:00,beta,457.81
2024-02-22 17:27:00,alpha,435.87
2024-03-17 11:23:00,beta,425.16
2024-04-16 03:31:00,alpha,252.3
2024-04-11 15:17:00,alpha,298.13
2024-02-16 12:59:00,beta,186.3
2024-04-05 08:47:00,alpha,352.01
2024-01-11 09:23:00,beta,110.11
2024-02-29 17:32:00,alpha,225.22
2024-03-25 17:49:00,alpha,489.21
2024-02-07 17:03:00,beta,480.99
2024-03-06 11:27:00,beta,384.61
2024-04-26 11:19:00,beta,60.98
2024-04-02 19:43:00,beta,309.91
2024-04-27 16:01:00,gamma,229.79
2024-03-01 10:41:00,beta,175.83
2024-03-20 14:14:00,beta,348.09
2024-02-05 17:39:00,beta,326.12
2024-01-30 17:56:00,gamma,230.19
2024-04-17 04:31:00,alpha,299.78
2024-02-19 14:18:00,alpha,419.36
2024-01-16 14:46:00,alpha,90.93
2024-02-01 18:33:00,gamma,393.72
2024-02-13 00:41:00,alpha,45.82
2024-03-01 14:57:00,alpha,135.67
2024-02-18 08:14:00,gamma,30.9
2024-03-30 12:40:00,gamma,464.84
2024-01-18 03:36:00,alpha,99.69
2024-01-26 03:50:00,gamma,111.82
2024-04-25 09:48:00,beta,253.14
2024-01-11 09:23:00,gamma,16.64
2024-04-03 08:25:00,gamma,360.35
2024-02-03 11:39:00,beta,497.69
2024-02-17 11:23:00,alpha,117.02
2024-02-26 09:00:00,gamma,361.99
2024-02-27 10:26:00,alpha,165.89
2024-04-24 14:03:00,beta,19.96
2024-02-28 08:38:00,gamma,360.59
2024-03-27 17:40:00,alpha,57.58
2024-03-20 14:35:00,beta,402.75
2024-04-03 11:45:00,beta,426.88
2024-03-08 15:51:00,gamma,467.29
2024-04-22 15:20:00,beta,48.49
2024-02-20 17:10:00,gamma,68.83
2024-01-07 09:27:00,alpha,426.95
2024-01-16 14:25:00,gamma,51.55
2024-01-10 07:48:00,gamma,71.85
2024-02-27 12:39:00,gamma,303.81
2024-02-01 14:50:00,beta,355.41
2024-03-06 23:28:00,alpha,231.75
2024-04-10 11:25:00,beta,471.76
2024-03-11 09:35:00,alpha,304.01
2024-02-22 13:22:00,beta,359.44
2024-01-24 14:23:00,beta,57.97
2024-04-03 09:31:00,alpha,18.69
2024-04-03 08:33:00,gamma,78.52
2024-02-01 11:01:00,beta,342.9
2024-02-29 12:57:00,beta,410.36
2024-02-21 16:38:00,alpha,11.23
2024-03-15 17:48:00,gamma,379.02
2024-02-14 11:40:00,gamma,403.07
2024-04-29 09:48:00,beta,420.65
2024-02-01 10:21:00,alpha,429.3
2024-04-08 18:38:00,alpha,397.83
2024-04-09 17:14:00,beta,237.76
2024-03-06 16:48:00,alpha,63.58
2024-01-05 17:32:00,alpha,117.41
2024-04-26 12:31:00,beta,477.26
2024-02-26 09:53:00,gamma,237.88
2024-02-26 17:04:00,beta,288.77
2024-04-04 09:30:00,beta,211.12
2024-02-11 08:10:00,beta,273.67
2024-01-23 17:30:00,gamma,22.27
2024-04-17 13:33:00,alpha,360.15
2024-04-03 18:55:00,beta,55.27
2024-04-01 01:52:00,alpha,304.41
2024-03-06 20:20:00,alpha,107.66
2024-03-20 18:48:00,beta,72.44
2024-02-12 13:24:00,gamma,316.1
2024-01-10 20:37:00,alpha,402.33
2024-02-06 18:32:00,gamma,361.79
2024-01-10 13:37:00,alpha,224.1
2024-01-16 17:13:00,gamma,340.43
2024-02-14 14:56:00,alpha,84.81
2024-03-15 15:52:00,beta,155.08
2024-01-30 11:28:00,beta,47.07
2024-01-23 15:47:00,alpha,211.73
2024-04-17 18:42:00,beta,238.36
2024-04-02 15:48:00,alpha,120.29
2024-03-05 11:03:00,beta,179.24
2024-03-12 08:18:00,beta,432.85
2024-01-08 13:56:00,gamma,241.02
2024-04-02 15:26:00,gamma,203.81
2024-03-19 17:54:00,alpha,279.34
2024-01-01 17:07:00,alpha,315.14
2024-03-13 14:19:00,gamma,287.86
2024-01-29 11:20:00,beta,327.19
2024-02-22 00:03:00,alpha,310.11
2024-01-04 14:38:00,gamma,396.91
2024-03-27 19:40:00,beta,196.62
2024-02-17 10:35:00,beta,38.26
2024-04-24 09:12:00,beta,446.18
2024-02-22 10:01:00,alpha,469.95
2024-03-09 16:16:00,alpha,108.8
2024-01-26 14:13:00,alpha,113.54
2024-03-20 11:38:00,gamma,485.74
2024-02-05 02:56:00,beta,430.01
2024-04-24 14:37:00,alpha,300.51
2024-02-24 22:07:00,alpha,84.42
2024-01-08 02:26:00,gamma,348.75
2024-01-31 16:02:00,alpha,58.02
2024-03-15 11:01:00,alpha,244.12
2024-01-05 10:54:00,gamma,450.6
2024-01-11 17:29:00,gamma,341.95
2024-04-09 15:18:00,gamma,11.83
2024-04-19 09:51:00,gamma,200.99
2024-03-31 10:22:00,beta,82.53
2024-04-27 15:00:00,gamma,259.84
2024-03-15 10:00:00,beta,477.97
2024-03-09 13:23:00,alpha,397.14
2024-04-15 13:35:00,beta,323.03
2024-01-09 10:51:00,alpha,288.8
2024-02-23 12:53:00,beta,353.98
2024-01-01 19:05:00,alpha,55.94
2024-02-20 08:38:00,gamma,436.28
2024-03-21 10:14:00,beta,45.27
2024-03-22 17:18:00,alpha,22.66
2024-02-24 11:42:00,gamma,132.78
2024-03-08 10:47:00,gamma,471.82
2024-01-09 10:25:00,alpha,406.6
2024-02-23 17:36:00,gamma,369.79
2024-01-05 15:42:00,alpha,111.63
2024-04-19 08:38:00,gamma,44.85
2024-02-10 17:57:00,alpha,114.47
2024-01-12 11:36:00,gamma,314.2
2024-03-21 17:52:00,beta,457.3
2024-03-25 08:17:00,gamma,481.19
2024-03-14 18:05:00,alpha,449.95
2024-03-26 11:34:00,beta,283.79
2024-01-26 13:08:00,beta,483.57
2024-02-02 10:36:00,alpha,162.33
2024-03-24 10:20:00,beta,230.35
2024-04-25 10:04:00,gamma,336.59
2024-03-06 14:22:00,alpha,153.64
2024-02-14 10:59:00,gamma,36.87
2024-01-02 18:59:00,alpha,106.86
2024-04-02 09:08:00,alpha,336.19
2024-03-18 15:36:00,beta,159.93
2024-04-03 18:49:00,gamma,296.81
2024-02-02 21:38:00,alpha,494.15
2024-01-05 21:28:00,gamma,490.7
2024-04-23 11:11:00,beta,84.76
2024-03-07 12:46:00,beta,459.96
2024-03-08 08:50:00,alpha,85.47
2024-01-28 14:38:00,gamma,399.44
2024-01-23 17:13:00,gamma,285.72
2024-01-18 11:43:00,beta,234.35
2024-01-03 18:03:00,alpha,214.22
2024-01-08 13:37:00,gamma,496.32
2024-04-01 14:02:00,alpha,304.0
2024-03-01 08:56:00,beta,326.17
2024-03-22 08:32:00,alpha,90.18
2024-03-19 15:13:00,alpha,354.57
2024-04-16 20:52:00,alpha,494.97
2024-01-31 14:24:00,alpha,219.48
2024-03-23 14:58:00,beta,6.77
2024-01-19 09:09:00,alpha,270.4
2024-02-22 08:55:00,beta,127.84
2024-03-19 09:47:00,alpha,39.88
2024-03-22 12:49:00,gamma,408.19
2024-03-27 04:48:00,alpha,244.42
2024-01-05 13:52:00,gamma,492.58
2024-01-14 15:15:00,beta,123.81
2024-03-07 18:13:00,beta,85.09
2024-03-20 16:41:00,alpha,70.35
2024-01-17 17:46:00,alpha,80.74
2024-03-05 09:02:00,beta,498.19
2024-04-11 18:29:00,gamma,223.79
2024-02-26 15:28:00,beta,365.08
2024-04-01 13:09:00,alpha,212.3
2024-01-22 15:29:00,gamma,225.71
2024-02-08 18:15:00,beta,356.08
2024-03-06 14:30:00,alpha,413.89
2024-03-19 16:11:00,gamma,131.63
2024-03-07 17:02:00,beta,276.46
2024-03-26 23:12:00,gamma,369.87
2024-03-29 18:37:00,alpha,138.58
2024-03-29 16:37:00,alpha,448.21
2024-04-26 18:15:00,alpha,179.35
2024-02-14 16:04:00,alpha,445.91
2024-03-18 18:33:00,alpha,387.5
2024-04-18 08:47:00,alpha,199.02
2024-03-01 14:41:00,alpha,314.16
2024-04-15 11:28:00,gamma,119.71
2024-04-16 16:15:00,beta,65.04
2024-01-17 09:14:00,alpha,122.5
2024-03-13 17:11:00,beta,125.57
2024-04-25 08:35:00,gamma,406.18
2024-01-03 11:29:00,beta,233.66
2024-01-17 13:20:00,alpha,348.11
2024-01-17 13:29:00,alpha,219.13
2024-04-02 10:33:00,gamma,177.18
2024-01-31 19:21:00,gamma,249.39
2024-03-08 16:28:00,gamma,108.71
2024-03-11 13:10:00,beta,302.97
2024-02-21 16:44:00,gamma,477.84
2024-03-07 15:14:00,gamma,322.64
2024-03-16 23:41:00,beta,115.01
2024-01-01 16:00:00,gamma,102.86
2024-02-01 08:49:00,beta,86.48
2024-01-11 14:29:00,alpha,444.28
2024-02-28 09:20:00,gamma,25.88
2024-04-09 08:32:00,alpha,273.08
2024-02-06 14:43:00,gamma,394.81
2024-03-21 13:24:00,beta,285.51
2024-01-20 09:17:00,gamma,21.43
2024-01-13 18:45:00,gamma,16.57
2024-04-22 14:40:00,beta,48.03
2024-04-25 11:20:00,alpha,70.19
2024-03-08 20:26:00,alpha,16.12
2024-01-22 23:49:00,gamma,149.83
2024-02-20 17:51:00,gamma,453.16
2024-01-17 15:42:00,gamma,278.32
2024-03-04 08:10:00,alpha,313.97
2024-04-29 18:47:00,alpha,264.7
2024-03-04 11:03:00,beta,144.54
2024-02-09 15:21:00,alpha,436.8
2024-04-19 12:02:00,alpha,351.84
2024-01-18 09:50:00,gamma,220.5
2024-03-20 12:22:00,alpha,82.29
2024-02-01 08:48:00,alpha,162.29
2024-03-11 15:09:00,alpha,95.57
2024-01-30 08:31:00,gamma,100.6
2024-01-19 01:05:00,alpha,224.93
2024-03-28 08:53:00,gamma,83.02
2024-01-19 09:43:00,gamma,435.85
2024-02-07 11:16:00,beta,417.59
2024-02-15 13:52:00,beta,115.47
2024-03-11 16:08:00,gamma,199.27
2024-04-22 15:14:00,gamma,375.29
2024-03-20 13:39:00,gamma,416.26
2024-03-27 15:37:00,beta,453.31
2024-02-14 14:54:00,gamma,433.05
2024-01-15 12:52:00,beta,489.23
2024-01-03 10:02:00,beta,317.86
2024-02-07 05:48:00,beta,330.09
2024-04-29 17:58:00,beta,223.6
2024-01-24 07:59:00,alpha,147.03
2024-02-23 18:12:00,gamma,345.77
2024-01-30 13:26:00,gamma,322.98
2024-02-24 10:22:00,gamma,458.72
2024-02-02 17:03:00,gamma,253.16
2024-01-22 10:38:00,beta,246.12
2024-02-28 13:50:00,gamma,417.12
2024-03-12 13:51:00,gamma,143.0
2024-03-18 10:30:00,beta,449.2
2024-02-13 08:04:00,alpha,211.03
2024-01-12 11:32:00,alpha,205.52
2024-01-04 12:28:00,beta,67.69
2024-03-27 04:10:00,alpha,79.8
2024-01-17 11:32:00,gamma,261.24
2024-04-16 16:09:00,alpha,283.83
2024-01-18 18:21:00,gamma,207.07
2024-04-18 19:08:00,alpha,54.72
2024-01-12 15:39:00,alpha,295.87
2024-02-20 13:47:00,beta,97.39
2024-03-20 13:41:00,beta,294.91
2024-01-16 13:47:00,gamma,250.4
2024-02-27 15:17:00,gamma,149.18
2024-04-03 09:37:00,gamma,446.81
2024-01-25 13:26:00,gamma,68.36
2024-04-11 14:04:00,beta,432.34
2024-03-13 16:08:00,gamma,327.08
2024-03-17 09:19:00,alpha,479.24
2024-03-12 08:59:00,beta,101.87
2024-04-28 08:49:00,gamma,286.92
2024-02-01 09:28:00,beta,446.59
2024-01-29 08:08:00,gamma,109.95
2024-04-05 12:04:00,gamma,277.69
2024-02-22 12:55:00,beta,106.95
2024-01-01 01:51:00,alpha,204.56
2024-02-13 18:44:00,alpha,233.69
2024-04-01 18:11:00,beta,146.93
2024-01-11 15:32:00,alpha,443.91
2024-01-23 16:25:00,gamma,15.41
2024-03-13 13:28:00,gamma,234.11
2024-04-24 08:47:00,beta,461.34
2024-02-22 17:32:00,beta,28.47
2024-01-19 14:09:00,beta,354.66
2024-04-27 13:03:00,beta,468.97
2024-04-05 08:41:00,beta,236.21
2024-03-01 16:14:00,beta,243.61
2024-01-09 11:17:00,alpha,407.72
2024-01-11 12:48:00,alpha,38.3
2024-01-06 14:55:00,beta,372.91
2024-04-01 18:49:00,beta,119.83
2024-04-16 17:31:00,beta,155.9
2024-01-11 10:12:00,gamma,9.62
2024-03-19 11:47:00,beta,493.42
2024-01-05 21:13:00,alpha,427.35
2024-04-16 15:42:00,beta,11.2
2024-03-15 12:32:00,alpha,252.35
2024-03-30 13:30:00,gamma,55.58
2024-03-19 16:30:00,gamma,17.32
2024-02-25 08:52:00,beta,334.18
2024-02-20 08:17:00,alpha,413.91
2024-03-01 09:43:00,alpha,464.53
2024-04-10 12:53:00,gamma,484.52
2024-04-23 11:13:00,beta,318.96
2024-02-22 16:55:00,alpha,78.16
2024-02-14 11:33:00,gamma,86.54
2024-02-17 18:59:00,beta,419.44
2024-01-19 09:13:00,gamma,443.72
2024-03-22 14:40:00,gamma,481.23
2024-02-22 14:12:00,alpha,266.3
2024-03-30 18:12:00,alpha,85.77
2024-04-09 17:27:00,gamma,36.8
2024-02-29 23:39:00,beta,71.23
2024-01-08 08:37:00,alpha,427.35
2024-04-25 08:49:00,beta,489.04
2024-01-24 13:19:00,beta,354.56
2024-03-12 11:12:00,gamma,285.6
2024-01-25 15:18:00,beta,445.16
2024-01-04 16:52:00,alpha,104.84
2024-04-08 08:58:00,alpha,50.97
2024-01-30 11:11:00,alpha,50.2
2024-03-14 01:00:00,alpha,229.59
2024-01-10 14:15:00,beta,314.81
2024-01-22 05:55:00,beta,104.55
2024-02-21 08:55:00,alpha,111.0
2024-03-22 20:32:00,beta,431.94
2024-02-16 16:14:00,beta,56.04
2024-04-01 09:11:00,gamma,82.49
2024-03-19 17:22:00,alpha,243.19
2024-01-23 11:38:00,gamma,371.5
2024-03-12 10:23:00,beta,208.04
2024-01-24 08:22:00,beta,416.08
2024-02-22 09:08:00,gamma,241.62
2024-04-23 02:07:00,beta,321.94
2024-01-05 13:17:00,gamma,410.64
2024-01-04 16:10:00,beta,365.58
2024-01-17 21:11:00,alpha,158.53
2024-03-07 13:12:00,alpha,39.07
2024-04-04 10:53:00,gamma,226.38
2024-02-27 10:02:00,gamma,225.91
2024-02-07 16:22:00,alpha,32.87
2024-01-14 23:24:00,alpha,90.54
2024-02-07 16:56:00,beta,80.64
2024-01-26 18:46:00,gamma,216.88
2024-01-23 15:10:00,beta,165.83
2024-03-14 08:49:00,beta,188.81
2024-02-12 09:41:00,beta,94.81
2024-01-25 10:15:00,gamma,406.82
2024-04-12 06:32:00,beta,487.01
2024-02-19 18:48:00,gamma,405.49
2024-02-28 01:24:00,beta,346.85
2024-03-19 10:59:00,gamma,189.03
2024-04-25 08:13:00,beta,288.65
2024-03-11 16:23:00,gamma,160.94
2024-02-09 16:56:00,alpha,349.11
2024-03-21 16:29:00,gamma,336.1
2024-02-07 12:01:00,beta,300.94
2024-03-13 11:35:00,alpha,151.91
2024-02-01 11:39:00,beta,62.8
2024-04-17 05:09:00,alpha,155.18
2024-04-03 18:02:00,gamma,442.62
2024-02-21 14:04:00,gamma,349.32
2024-01-03 09:23:00,alpha,163.91
2024-01-05 08:21:00,gamma,157.93
2024-01-03 11:13:00,beta,72.98
2024-03-07 12:01:00,beta,174.43
2024-04-02 12:10:00,beta,47.92
2024-03-07 15:29:00,gamma,26.03
2024-03-27 13:44:00,alpha,125.9
2024-01-11 12:38:00,gamma,119.16
2024-03-03 13:28:00,beta,177.89
2024-03-29 08:45:00,gamma,444.53
2024-04-24 22:28:00,gamma,78.56
2024-03-09 10:50:00,alpha,293.42
2024-03-13 10:48:00,beta,14.89
2024-02-06 11:04:00,gamma,470.91
2024-01-22 08:48:00,beta,388.24
2024-04-11 17:02:00,beta,184.05
2024-04-08 10:54:00,gamma,195.3
2024-01-15 09:57:00,beta,340.27
2024-03-18 09:10:00,gamma,473.64
2024-01-08 11:41:00,beta,497.44
2024-03-29 14:31:00,alpha,220.2
2024-01-11 09:11:00,alpha,251.71
2024-04-16 09:40:00,gamma,437.08
2024-03-14 18:21:00,beta,386.71
2024-02-01 20:22:00,gamma,204.96
2024-03-17 10:46:00,alpha,123.41
2024-02-09 04:13:00,alpha,167.6
2024-01-09 13:40:00,alpha,50.83
2024-04-29 11:30:00,gamma,109.42
2024-03-25 10:12:00,alpha,26.01
2024-01-22 12:55:00,beta,57.78
2024-01-24 11:31:00,gamma,213.56
2024-03-19 16:37:00,gamma,184.05
2024-03-12 04:52:00,beta,188.86
2024-03-22 17:16:00,alpha,186.66
2024-02-13 13:00:00,alpha,437.53
2024-03-26 11:57:00,alpha,120.6
2024-03-07 12:34:00,gamma,409.64
2024-02-09 06:33:00,beta,334.5
2024-04-22 05:55:00,gamma,296.34
2024-04-01 15:15:00,gamma,499.75
2024-03-03 08:54:00,beta,49.69
2024-04-20 07:54:00,beta,208.16
2024-04-23 11:11:00,gamma,174.58
2024-02-28 15:00:00,alpha,432.52
2024-04-16 15:48:00,beta,392.24
2024-01-29 09:41:00,gamma,222.13
2024-04-20 17:03:00,alpha,224.82
2024-02-01 13:43:00,beta,204.88
2024-03-27 11:41:00,alpha,388.24
2024-04-27 08:24:00,gamma,170.09
2024-02-07 15:50:00,beta,413.83
2024-01-24 09:33:00,beta,499.28
2024-04-18 17:26:00,alpha,323.78
2024-04-16 15:09:00,alpha,124.86
2024-02-25 13:48:00,alpha,201.83
2024-04-10 16:11:00,alpha,374.49
2024-02-19 14:27:00,alpha,492.47
2024-01-08 21:35:00,beta,178.21
2024-04-24 14:05:00,gamma,257.77
2024-02-02 16:47:00,alpha,278.64
2024-01-06 14:02:00,gamma,259.48
2024-01-25 17:25:00,gamma,212.61
2024-04-15 15:02:00,alpha,189.33
2024-01-16 16:18:00,beta,419.16
2024-01-05 16:08:00,alpha,68.77
2024-02-23 14:03:00,gamma,482.91
2024-03-15 09:00:00,gamma,331.21
2024-03-22 18:02:00,beta,94.29
2024-04-10 09:10:00,alpha,204.86
2024-01-22 09:37:00,gamma,53.23
2024-02-29 18:26:00,beta,14.36
2024-01-18 19:42:00,gamma,468.86
2024-02-19 18:41:00,beta,176.98
2024-04-28 14:11:00,beta,233.01
2024-02-28 11:18:00,alpha,374.07
2024-02-05 12:21:00,beta,24.41
2024-04-11 10:54:00,alpha,460.32
2024-01-19 17:36:00,gamma,223.84
2024-04-23 10:42:00,gamma,5.59
2024-02-13 08:36:00,alpha,363.03
2024-03-29 14:40:00,alpha,185.11
2024-04-28 12:47:00,gamma,354.19
2024-04-10 11:16:00,alpha,9.43
2024-03-13 10:12:00,alpha,326.07
2024-03-26 09:09:00,gamma,203.11
2024-02-12 08:44:00,beta,325.55
2024-04-11 16:47:00,gamma,157.66
2024-04-19 17:28:00,beta,487.87
2024-02-09 13:35:00,alpha,209.61
2024-04-02 18:55:00,alpha,273.42
2024-02-10 08:19:00,beta,16.58
2024-01-03 18:23:00,beta,460.17
2024-03-25 10:41:00,beta,24.84
2024-02-28 17:52:00,gamma,440.11
2024-03-04 13:54:00,alpha,473.19
2024-01-12 11:27:00,gamma,160.33
2024-01-19 21:53:00,alpha,499.38
2024-04-07 08:53:00,beta,130.47
2024-01-05 15:37:00,gamma,135.58
2024-02-16 17:41:00,alpha,176.42
2024-01-05 11:07:00,beta,13.06
2024-03-02 14:02:00,gamma,131.11
2024-01-18 20:28:00,alpha,372.36
2024-04-04 09:28:00,gamma,239.77
2024-02-15 16:01:00,gamma,289.13
2024-02-06 06:04:00,alpha,273.57
2024-04-14 15:36:00,beta,175.08
2024-04-17 15:49:00,alpha,6.44
2024-04-09 04:11:00,beta,224.23
2024-02-01 18:23:00,alpha,301.46
2024-03-07 08:33:00,alpha,218.59
2024-04-26 09:44:00,alpha,118.96
2024-02-27 12:00:00,alpha,398.64
2024-03-26 17:46:00,beta,193.31
2024-03-22 13:10:00,alpha,341.35
2024-01-18 14:37:00,beta,57.04
2024-02-13 18:26:00,beta,427.17
2024-03-25 09:39:00,alpha,448.76
2024-04-11 08:36:00,beta,115.26
2024-04-24 18:32:00,alpha,127.66
2024-03-01 06:37:00,beta,63.33
2024-04-24 18:59:00,gamma,236.97
2024-03-14 09:35:00,alpha,263.05
2024-02-04 05:02:00,gamma,470.09
2024-01-01 17:34:00,beta,373.4
2024-04-01 03:07:00,gamma,153.03
2024-01-20 20:30:00,beta,487.13
2024-04-23 08:01:00,alpha,296.0
2024-01-29 16:58:00,gamma,358.54
2024-03-25 13:01:00,beta,384.25
2024-03-04 12:19:00,alpha,451.95
2024-01-01 18:31:00,alpha,395.56
2024-01-17 14:46:00,alpha,138.1
2024-03-11 21:34:00,gamma,415.46
2024-04-20 14:43:00,gamma,210.43
2024-04-25 11:24:00,alpha,92.22
2024-02-12 09:15:00,beta,498.92
2024-04-14 08:32:00,gamma,195.52
2024-01-17 14:47:00,beta,272.99
2024-03-29 12:42:00,gamma,48.34
2024-04-22 02:21:00,alpha,362.39
2024-04-22 17:17:00,gamma,284.48
2024-04-02 17:18:00,beta,112.88
2024-04-15 13:33:00,gamma,186.36
2024-04-08 16:48:00,alpha,41.39
2024-04-26 13:06:00,alpha,84.69
2024-01-30 04:25:00,beta,185.98
2024-02-07 08:35:00,beta,344.39
2024-02-29 00:35:00,beta,183.13
2024-02-28 23:53:00,gamma,419.45
2024-01-01 12:22:00,alpha,450.79
2024-01-22 08:33:00,alpha,311.03
2024-04-06 13:39:00,alpha,101.87
2024-03-04 00:48:00,gamma,430.69
2024-03-10 10:37:00,alpha,133.74
2024-04-14 12:35:00,beta,120.66
2024-02-03 13:15:00,beta,79.28
2024-04-25 23:45:00,gamma,377.46
2024-02-03 15:41:00,alpha,237.14
2024-01-12 14:33:00,gamma,13.82
2024-04-19 10:36:00,alpha,387.53
2024-02-13 18:06:00,beta,267.18
2024-01-30 12:55:00,gamma,455.33
2024-03-26 10:40:00,gamma,40.68
2024-03-18 17:08:00,beta,363.79
2024-03-20 13:38:00,beta,356.53
2024-02-24 09:06:00,beta,42.1
2024-03-04 09:03:00,beta,267.41
2024-03-11 17:20:00,beta,14.11
2024-04-11 20:04:00,beta,144.24
2024-02-28 09:18:00,beta,304.43
2024-01-01 22:48:00,alpha,453.25
2024-03-11 03:41:00,gamma,222.41
2024-01-08 10:31:00,gamma,418.86
2024-02-02 10:29:00,gamma,62.21
2024-02-16 13:11:00,alpha,384.21
2024-01-24 00:11:00,alpha,350.62
2024-02-06 16:05:00,gamma,79.67
2024-03-28 10:27:00,alpha,58.37
2024-02-12 16:27:00,gamma,145.72
2024-02-15 13:01:00,alpha,456.49
2024-03-24 18:43:00,alpha,74.74
2024-01-10 09:16:00,beta,39.12
2024-03-11 17:47:00,alpha,132.03
2024-01-21 15:33:00,gamma,486.98
2024-02-09 10:14:00,beta,87.67
2024-03-14 08:59:00,gamma,244.16
2024-01-09 16:18:00,gamma,42.68
2024-03-11 17:58:00,gamma,180.63
2024-01-23 18:17:00,alpha,239.52
2024-01-16 15:37:00,alpha,172.03
2024-01-09 12:57:00,beta,66.57
2024-01-22 13:01:00,gamma,69.19
2024-04-12 08:34:00,alpha,94.79
2024-02-05 14:06:00,gamma,261.02
2024-01-21 17:42:00,alpha,328.27
2024-01-15 11:21:00,beta,129.18
2024-02-13 10:34:00,beta,428.45
2024-03-25 09:33:00,gamma,321.08
2024-02-02 23:32:00,beta,293.44
2024-01-04 16:21:00,beta,160.48
2024-02-16 14:25:00,alpha,268.6
2024-03-08 14:03:00,alpha,295.36
2024-04-23 07:15:00,gamma,153.44
2024-03-07 10:40:00,alpha,341.95
2024-04-16 13:24:00,alpha,112.47
2024-02-16 16:52:00,beta,321.78
2024-03-29 18:55:00,beta,180.07
2024-02-06 00:07:00,alpha,257.06
2024-03-27 14:17:00,alpha,382.41
2024-04-18 15:19:00,gamma,252.7
2024-04-04 17:57:00,gamma,77.65
2024-03-03 18:28:00,alpha,274.75
2024-04-15 15:24:00,alpha,63.71
2024-04-11 10:37:00,gamma,223.02
2024-02-29 16:09:00,beta,457.22
2024-03-25 10:28:00,gamma,425.67
2024-02-09 08:01:00,alpha,42.39
2024-03-06 13:25:00,alpha,164.01
2024-02-01 12:48:00,gamma,366.55
2024-02-29 10:19:00,beta,356.35
2024-01-29 17:39:00,beta,330.71
2024-01-16 14:54:00,alpha,435.41
2024-02-28 09:14:00,gamma,475.34
2024-03-26 17:32:00,beta,149.9
2024-03-25 16:20:00,beta,474.22
2024-04-29 10:03:00,beta,194.41
2024-02-16 16:56:00,alpha,328.63
2024-04-08 18:22:00,alpha,131.0
2024-03-15 18:18:00,gamma,43.12
2024-01-13 16:59:00,alpha,344.75
2024-04-07 08:01:00,gamma,133.07
2024-04-23 15:39:00,beta,141.91
2024-04-03 15:41:00,alpha,182.83
2024-01-10 14:07:00,gamma,428.7
2024-04-27 15:01:00,beta,158.63
2024-03-07 10:10:00,beta,109.62
2024-04-11 08:37:00,gamma,292.69
2024-03-30 14:24:00,gamma,185.12
2024-01-03 13:40:00,gamma,107.77
2024-04-04 09:03:00,beta,413.9
2024-01-25 14:44:00,gamma,98.0
2024-04-24 12:26:00,gamma,93.31
2024-03-02 14:21:00,beta,430.12
2024-02-06 09:37:00,gamma,34.27
2024-03-11 16:18:00,alpha,268.79
2024-04-24 18:31:00,gamma,232.78
2024-04-10 15:51:00,gamma,346.78
2024-01-26 16:31:00,gamma,255.81
2024-01-11 18:06:00,alpha,429.28
2024-04-10 02:33:00,beta,253.72
2024-02-29 11:56:00,gamma,427.5
2024-03-05 10:47:00,gamma,487.17
2024-03-04 14:10:00,alpha,443.7
2024-02-12 14:10:00,alpha,234.28
2024-01-17 16:26:00,beta,473.31
2024-03-08 23:39:00,alpha,48.75
2024-01-12 09:06:00,beta,158.95
2024-04-03 08:54:00,alpha,108.89
2024-01-24 09:46:00,gamma,122.7
2024-03-19 19:51:00,alpha,100.02
2024-03-18 08:01:00,gamma,276.3
2024-02-23 12:20:00,gamma,142.03
2024-01-14 12:42:00,gamma,82.18
2024-02-29 06:43:00,alpha,245.92
2024-04-28 16:44:00,alpha,258.68
2024-01-26 04:20:00,alpha,490.36
2024-04-15 12:19:00,alpha,145.78
2024-04-29 17:56:00,beta,465.4
2024-02-06 10:48:00,alpha,369.01
2024-01-30 14:48:00,gamma,13.48
2024-04-21 13:13:00,gamma,331.75
2024-03-15 13:45:00,beta,435.49
2024-01-08 15:29:00,beta,46.0
2024-03-25 10:31:00,gamma,230.42
2024-04-22 10:02:00,beta,475.48
2024-02-23 18:26:00,alpha,201.64
2024-01-12 08:21:00,alpha,172.41
2024-01-18 17:12:00,alpha,48.63
2024-04-17 09:30:00,alpha,190.16
2024-03-15 17:01:00,alpha,278.76
2024-04-02 09:33:00,beta,233.7
2024-03-21 14:43:00,alpha,273.78
2024-03-05 08:12:00,gamma,50.71
2024-04-19 08:33:00,gamma,236.12
2024-02-06 18:41:00,beta,97.42
2024-03-26 15:27:00,gamma,375.85
2024-03-04 10:26:00,gamma,148.02
2024-01-12 15:20:00,beta,80.71
2024-01-17 10:52:00,alpha,334.49
2024-02-25 18:35:00,beta,281.56
2024-04-18 18:52:00,gamma,262.38
2024-01-28 10:20:00,beta,23.76
2024-02-20 13:09:00,beta,135.67
2024-01-28 15:32:00,alpha,10.55
2024-04-25 11:43:00,gamma,23.53
2024-01-24 11:21:00,alpha,349.87
2024-02-18 00:36:00,alpha,110.25
2024-02-27 03:08:00,beta,69.29
2024-03-21 18:08:00,beta,391.14
2024-01-29 14:24:00,beta,66.08
2024-02-05 16:38:00,alpha,165.61
2024-03-06 21:48:00,beta,256.31
2024-04-16 08:21:00,alpha,153.84
2024-01-03 21:44:00,gamma,137.1
2024-04-11 15:24:00,alpha,497.49
2024-04-22 16:23:00,alpha,369.02
2024-01-02 14:06:00,gamma,317.31
2024-02-22 16:13:00,gamma,313.19
2024-02-25 09:46:00,alpha,430.8
2024-01-04 20:30:00,beta,127.91
2024-03-25 18:28:00,beta,288.76
2024-04-14 08:05:00,gamma,8.63
2024-03-21 18:25:00,beta,106.82
2024-03-26 02:24:00,beta,131.22
2024-01-28 07:24:00,gamma,400.0
2024-01-02 22:54:00,alpha,363.77
2024-02-15 10:57:00,gamma,340.78
2024-01-08 13:44:00,gamma,125.93
2024-01-25 12:24:00,beta,44.63
2024-04-11 09:01:00,beta,335.25
2024-01-24 10:26:00,gamma,398.36
2024-02-27 10:10:00,gamma,496.08
2024-04-22 08:13:00,gamma,488.07
2024-02-26 10:10:00,beta,486.13
2024-01-20 12:45:00,beta,394.0
2024-01-12 09:24:00,beta,288.4
2024-04-25 20:54:00,alpha,460.17
2024-02-22 09:56:00,alpha,422.75
2024-02-09 11:44:00,alpha,302.32
2024-04-02 13:58:00,alpha,72.95
2024-01-19 18:40:00,gamma,26.14
2024-01-09 12:39:00,beta,324.93
2024-02-08 14:05:00,gamma,328.08
2024-04-03 17:56:00,gamma,248.68
2024-04-10 10:09:00,beta,112.36
2024-01-28 09:02:00,gamma,353.42
2024-04-15 11:22:00,gamma,478.46
2024-04-03 21:01:00,alpha,341.62
2024-01-22 18:25:00,beta,160.23
2024-03-05 11:18:00,beta,234.59
2024-02-14 14:25:00,beta,269.91
2024-04-01 12:30:00,alpha,450.15
2024-01-26 11:40:00,alpha,161.72
2024-03-30 17:59:00,gamma,330.74
2024-01-05 08:16:00,alpha,378.28
2024-02-23 11:46:00,alpha,349.71
2024-01-27 15:29:00,gamma,15.01
2024-02-21 13:40:00,gamma,490.43
2024-01-29 16:54:00,alpha,41.68
2024-04-10 09:04:00,alpha,98.23
2024-02-01 16:35:00,alpha,146.44
2024-01-26 13:55:00,gamma,403.75
2024-02-08 12:11:00,gamma,353.06
2024-01-29 04:36:00,alpha,297.8
2024-01-05 08:47:00,alpha,239.85
2024-01-02 16:32:00,gamma,183.85
2024-04-04 11:43:00,beta,463.25
2024-03-16 08:16:00,beta,19.55
2024-02-26 18:43:00,alpha,443.32
2024-04-03 12:45:00,gamma,112.2
2024-03-11 11:52:00,gamma,306.59
2024-01-21 14:05:00,alpha,205.32
2024-04-10 13:27:00,gamma,71.29
2024-04-18 18:14:00,alpha,136.35
2024-03-29 15:03:00,beta,322.1
2024-01-11 02:31:00,gamma,161.9
2024-01-14 11:45:00,gamma,335.66
2024-04-17 18:01:00,alpha,319.67
2024-04-11 16:07:00,beta,216.29
2024-04-29 16:43:00,alpha,212.23
2024-01-05 03:36:00,alpha,61.65
2024-03-14 16:30:00,gamma,241.9
2024-01-09 17:22:00,alpha,41.98
2024-04-10 08:28:00,alpha,389.93
2024-01-21 09:33:00,gamma,182.19
2024-03-20 11:45:00,gamma,192.42
2024-04-12 17:00:00,beta,69.9
2024-02-06 08:08:00,alpha,12.9
2024-01-22 15:03:00,alpha,54.3
2024-03-22 12:47:00,alpha,22.24
2024-02-28 03:44:00,alpha,10.9
2024-02-09 09:06:00,beta,480.59
2024-02-12 15:55:00,beta,391.95
2024-03-22 15:17:00,alpha,284.27
2024-02-26 17:52:00,alpha,203.59
2024-03-02 17:20:00,gamma,273.47
2024-04-05 18:38:00,beta,102.76
2024-03-29 08:56:00,beta,313.65
2024-01-12 08:51:00,beta,358.75
2024-04-20 12:13:00,gamma,112.65
2024-01-03 11:27:00,gamma,56.9
2024-01-22 09:43:00,alpha,341.49
2024-01-31 13:08:00,alpha,220.82
2024-02-19 17:15:00,alpha,73.64
2024-02-27 13:44:00,beta,14.33
2024-02-13 07:32:00,gamma,424.83
2024-01-19 14:31:00,gamma,443.94
2024-03-17 16:42:00,alpha,224.56
2024-03-26 23:42:00,alpha,489.13
2024-02-07 14:58:00,alpha,155.05
2024-04-04 08:40:00,alpha,267.16
2024-01-01 20:28:00,beta,57.53
2024-04-22 11:28:00,beta,16.95
2024-02-05 13:02:00,gamma,249.32
2024-01-12 14:17:00,gamma,467.02
2024-02-10 11:42:00,gamma,372.81
2024-01-02 16:36:00,beta,228.04
2024-04-22 13:18:00,gamma,221.16
2024-02-01 16:34:00,alpha,168.26
2024-01-12 09:13:00,beta,326.28
2024-01-26 12:52:00,alpha,220.02
2024-04-29 15:27:00,gamma,262.38
2024-01-19 12:11:00,gamma,281.47
2024-03-22 13:46:00,alpha,472.39
2024-02-15 11:44:00,gamma,88.83
2024-04-05 16:01:00,beta,22.9
2024-04-26 17:41:00,alpha,342.44
2024-03-19 18:21:00,alpha,163.19
2024-03-12 03:39:00,alpha,392.37
2024-01-11 13:16:00,gamma,286.22
2024-01-03 17:58:00,gamma,320.92
2024-04-01 13:44:00,alpha,209.13
2024-01-17 10:50:00,alpha,295.6
2024-01-13 14:22:00,beta,471.42
2024-03-29 07:15:00,gamma,164.6
2024-02-20 08:44:00,alpha,211.6
2024-02-26 12:25:00,beta,323.08
2024-02-21 11:53:00,alpha,291.15
2024-01-29 16:24:00,alpha,185.94
2024-04-16 09:56:00,alpha,340.5
2024-01-04 11:24:00,beta,244.4
2024-01-26 12:14:00,alpha,451.41
2024-01-08 14:05:00,alpha,371.3
2024-02-23 17:22:00,gamma,153.59
2024-02-28 14:52:00,beta,367.8
2024-03-12 13:01:00,alpha,103.5
2024-03-26 15:36:00,gamma,79.49
2024-03-26 10:01:00,alpha,203.24
2024-03-06 12:56:00,gamma,415.86
2024-01-26 18:09:00,gamma,268.14
2024-03-11 14:05:00,beta,265.81
2024-03-05 16:16:00,alpha,496.6
2024-02-22 18:41:00,beta,396.46
2024-01-02 14:11:00,gamma,172.97
2024-01-17 14:59:00,gamma,381.79
2024-03-09 16:55:00,gamma,470.39
2024-04-04 06:52:00,gamma,110.99
2024-02-05 10:47:00,alpha,362.05
2024-02-09 14:42:00,beta,259.68
2024-03-29 13:37:00,gamma,454.65
2024-01-08 13:04:00,gamma,383.17
2024-02-05 12:09:00,beta,294.87
2024-04-27 14:57:00,gamma,196.04
2024-02-14 13:30:00,beta,147.91
2024-01-15 12:29:00,gamma,256.58
2024-01-25 13:13:00,beta,452.12
2024-01-23 15:15:00,gamma,252.82
2024-04-26 13:20:00,alpha,379.89
2024-04-14 17:10:00,alpha,273.18
2024-04-19 13:09:00,beta,471.58
2024-03-09 08:49:00,gamma,422.2
2024-04-10 09:39:00,beta,344.31
2024-03-18 03:38:00,beta,310.07
2024-04-18 13:42:00,gamma,83.84
2024-02-15 17:56:00,alpha,155.05
2024-02-27 17:01:00,gamma,90.11
2024-02-22 14:46:00,alpha,321.81
2024-03-05 09:45:00,gamma,79.41
2024-01-25 08:52:00,beta,336.05
2024-01-29 08:59:00,alpha,204.22
2024-02-27 10:56:00,gamma,468.59
2024-03-13 09:31:00,beta,446.45
2024-04-12 12:43:00,beta,175.57
2024-02-08 05:41:00,gamma,97.98
2024-02-14 08:07:00,beta,323.36
2024-02-13 14:05:00,gamma,422.5
2024-03-12 18:55:00,gamma,154.21
2024-03-29 17:17:00,alpha,346.84
2024-04-03 13:43:00,gamma,251.95
2024-02-21 17:55:00,alpha,485.22
2024-02-15 10:21:00,beta,457.98
2024-03-26 13:06:00,beta,208.68
2024-01-19 12:33:00,beta,106.84
2024-04-16 20:07:00,gamma,55.31
2024-04-29 14:07:00,gamma,30.84
2024-03-22 13:34:00,alpha,428.19
2024-04-23 08:41:00,gamma,32.67
2024-03-01 15:48:00,gamma,319.9
2024-01-19 06:04:00,alpha,488.25
2024-02-27 10:50:00,beta,255.63
2024-03-07 12:22:00,alpha,7.32
2024-03-25 09:10:00,alpha,368.84
2024-01-16 07:28:00,gamma,244.08
2024-04-10 18:51:00,beta,425.29
2024-03-20 10:44:00,beta,425.1
2024-01-19 02:41:00,alpha,259.32
2024-03-07 11:51:00,alpha,213.26
2024-04-01 15:21:00,alpha,316.61
2024-02-23 21:42:00,alpha,299.71
2024-02-21 16:12:00,beta,63.46
2024-02-28 14:36:00,alpha,465.62
2024-03-13 12:27:00,gamma,420.87
2024-03-16 14:26:00,gamma,432.24
2024-01-04 18:53:00,beta,462.61
2024-02-20 14:52:00,gamma,334.88
2024-04-26 17:59:00,gamma,143.08
2024-03-29 11:01:00,beta,470.34
2024-04-07 14:08:00,gamma,463.34
2024-01-31 02:05:00,gamma,330.16
2024-04-28 17:05:00,beta,207.48
2024-01-24 12:32:00,alpha,330.02
2024-01-26 16:02:00,gamma,54.01
2024-01-20 12:13:00,gamma,323.52
2024-04-04 10:34:00,gamma,381.51
2024-04-22 12:46:00,beta,197.78
2024-01-10 15:50:00,gamma,259.08
2024-01-10 12:49:00,beta,381.03
2024-01-26 20:32:00,beta,177.04
2024-04-05 08:56:00,beta,499.13
2024-04-17 09:42:00,gamma,246.46
2024-03-01 11:45:00,alpha,459.79
2024-02-16 15:16:00,beta,485.53
2024-01-05 14:37:00,gamma,233.35
2024-01-18 10:48:00,beta,161.89
2024-04-15 09:11:00,beta,432.81
2024-04-12 14:32:00,gamma,474.75
2024-02-14 12:10:00,alpha,404.34
2024-04-16 00:18:00,gamma,442.77
2024-03-08 11:09:00,beta,295.66
2024-03-16 18:57:00,alpha,112.29
2024-01-03 10:46:00,gamma,419.57
2024-03-29 10:18:00,gamma,275.18
2024-01-16 12:51:00,alpha,388.25
2024-01-25 16:03:00,alpha,191.89
2024-03-29 16:55:00,beta,387.76
2024-02-26 08:19:00,gamma,336.85
2024-04-17 22:56:00,gamma,193.87
2024-04-14 18:04:00,alpha,171.71
2024-01-12 16:02:00,alpha,409.79
2024-01-28 09:56:00,beta,110.97
2024-02-16 16:40:00,alpha,211.17
2024-03-05 15:34:00,gamma,122.37
2024-03-11 13:43:00,alpha,185.38
2024-01-29 09:03:00,alpha,52.02
2024-02-05 09:01:00,gamma,104.88
2024-02-27 08:59:00,gamma,330.45
2024-03-04 14:39:00,beta,284.68
2024-04-13 09:33:00,beta,84.53
2024-03-23 12:19:00,gamma,368.83
2024-03-27 11:48:00,beta,248.64
2024-03-17 13:26:00,gamma,202.81
2024-02-16 16:09:00,beta,247.07
2024-02-11 07:08:00,beta,232.58
2024-04-11 23:00:00,beta,285.94
2024-03-20 22:32:00,alpha,79.12
2024-04-15 15:27:00,gamma,193.98
2024-03-25 17:28:00,beta,89.77
2024-03-07 08:20:00,beta,55.07
2024-04-14 12:43:00,beta,272.92
2024-01-13 13:20:00,alpha,409.28
2024-04-26 07:05:00,gamma,68.18
2024-01-21 12:33:00,gamma,428.7
2024-02-17 18:04:00,beta,176.14
2024-04-10 14:34:00,beta,175.37
2024-03-21 16:12:00,beta,254.19
2024-04-29 16:55:00,gamma,225.46
2024-03-07 17:06:00,alpha,285.52
2024-01-25 07:08:00,gamma,321.91
2024-02-24 08:57:00,alpha,416.25
2024-02-15 14:57:00,gamma,180.29
2024-03-14 12:25:00,alpha,68.2
2024-02-23 04:55:00,alpha,359.73
2024-01-09 14:59:00,gamma,239.25
2024-04-27 13:18:00,alpha,492.46
2024-01-19 17:03:00,alpha,110.55
2024-03-26 11:44:00,alpha,335.04
2024-04-29 00:04:00,alpha,205.49
2024-03-25 04:48:00,gamma,233.48
2024-01-28 03:09:00,gamma,94.66
2024-04-19 11:06:00,beta,362.83
